tennis-player-adrian-mannarino	atp	Adrian Mannarino	https://www.tennislive.net/atp/adrian-mannarino/
tennis-player-aleksandre-bakshi	atp	Aleksandre Bakshi	https://www.tennislive.net/atp/aleksandre-bakshi/
tennis-player-alexander-shevchenko	atp	Alexander Shevchenko	https://www.tennislive.net/atp/alexander-shevchenko/
tennis-player-alvaro-guillen-meza	atp	Alvaro Guillen Meza	https://www.tennislive.net/atp/alvaro-guillen-meza/
tennis-player-andrea-collarini	atp	Andrea Collarini	https://www.tennislive.net/atp/andrea-collarini/
tennis-player-arklon-huertas-del-pino-cordova	atp	Arklon Huertas Del Pino Cordova	https://www.tennislive.net/atp/arklon-huertas-del-pino-cordova/
tennis-player-arthur-gea	atp	Arthur Gea	https://www.tennislive.net/atp/arthur-gea/
tennis-player-arthur-rinderknech	atp	Arthur Rinderknech	https://www.tennislive.net/atp/arthur-rinderknech/
tennis-player-ben-shelton	atp	Ben Shelton	https://www.tennislive.net/atp/ben-shelton/
tennis-player-benjamin-bonzi	atp	Benjamin Bonzi	https://www.tennislive.net/atp/benjamin-bonzi/
tennis-player-carlos-maria-zarate	atp	Carlos Maria Zarate	https://www.tennislive.net/atp/carlos-maria-zarate/
tennis-player-chun-hsin-tseng	atp	Chun Hsin Tseng	https://www.tennislive.net/atp/chun-hsin-tseng/
tennis-player-clement-tabur	atp	Clement Tabur	https://www.tennislive.net/atp/clement-tabur/
tlp-bdfeca40823ecbf9c9cf7c71	atp	Conor Gannon	https://www.tennislive.net/atp/conor-gannon/
tennis-player-dali-blanch	atp	Dali Blanch	https://www.tennislive.net/atp/dali-blanch/
tennis-player-dane-sweeny	atp	Dane Sweeny	https://www.tennislive.net/atp/dane-sweeny/
tennis-player-daniil-medvedev	atp	Daniil Medvedev	https://www.tennislive.net/atp/daniil-medvedev/
tennis-player-darwin-blanch	atp	Darwin Blanch	https://www.tennislive.net/atp/darwin-blanch/
tennis-player-doni-gashi	atp	Doni Gashi	https://www.tennislive.net/atp/doni-gashi/
tennis-player-dusan-lajovic	atp	Dusan Lajovic	https://www.tennislive.net/atp/dusan-lajovic/
tennis-player-enrico-dalla-valle	atp	Enrico Dalla Valle	https://www.tennislive.net/atp/enrico-dalla-valle/
tennis-player-federico-bondioli	atp	Federico Bondioli	https://www.tennislive.net/atp/federico-bondioli/
tennis-player-federico-coria	atp	Federico Coria	https://www.tennislive.net/atp/federico-coria/
tennis-player-felix-auger-aliassime	atp	Felix Auger-Aliassime	https://www.tennislive.net/atp/felix-auger-aliassime/
tennis-player-felix-balshaw	atp	Felix Balshaw	https://www.tennislive.net/atp/felix-balshaw/
tennis-player-frances-tiafoe	atp	Frances Tiafoe	https://www.tennislive.net/atp/francis-tiafoe/
tennis-player-guido-ivan-justo	atp	Guido Ivan Justo	https://www.tennislive.net/atp/guido-ivan-justo/
tennis-player-hernan-casanova	atp	Hernan Casanova	https://www.tennislive.net/atp/hernan-casanova/
tennis-player-ilia-snitari	atp	Ilia Snitari	https://www.tennislive.net/atp/ilia-snitari/
tennis-player-jacob-fearnley	atp	Jacob Fearnley	https://www.tennislive.net/atp/jacob-fearnley/
tennis-player-james-duckworth	atp	James Duckworth	https://www.tennislive.net/atp/james-duckworth/
tennis-player-james-mccabe	atp	James McCabe	https://www.tennislive.net/atp/james-mccabe/
tlp-1eecaa002dc04bba5293b068	atp	Jasin Jakupi	https://www.tennislive.net/atp/jasin-jakupi/
tennis-player-jesper-de-jong	atp	Jesper De Jong	https://www.tennislive.net/atp/jesper-de-jong/
tennis-player-jiri-lehecka	atp	Jiri Lehecka	https://www.tennislive.net/atp/jiri-lehecka/
tennis-player-johan-alexander-rodriguez-rodriguez	atp	Johan Alexander Rodriguez Rodriguez	https://www.tennislive.net/atp/johan-alexander-rodriguez-rodriguez/
tennis-player-juan-estevez	atp	Juan Estevez	https://www.tennislive.net/atp/juan-estevez/
tlp-ab1191d5f5d543d1c785fdf1	atp	Kalin Ivanovski	https://www.tennislive.net/atp/kalin-ivanovski/
tennis-player-kanan-gasimov	atp	Kanan Gasimov	https://www.tennislive.net/atp/kanan-gasimov/
tennis-player-leandro-riedi	atp	Leandro Riedi	https://www.tennislive.net/atp/leandro-riedi/
tennis-player-marcos-giron	atp	Marcos Giron	https://www.tennislive.net/atp/marcos-giron/
tennis-player-marin-cilic	atp	Marin Cilic	https://www.tennislive.net/atp/marin-cilic/
tennis-player-martin-landaluce	atp	Martin Landaluce	https://www.tennislive.net/atp/martin-landaluce/
tennis-player-marton-fucsovics	atp	Marton Fucsovics	https://www.tennislive.net/atp/marton-fucsovics/
tennis-player-matheus-pucinelli-de-almeida	atp	Matheus Pucinelli de Almeida	https://www.tennislive.net/atp/matheus-pucinelle-de-almeida/
tennis-player-miguel-damas	atp	Miguel Damas	https://www.tennislive.net/atp/miguel-damas/
tennis-player-nick-hardt	atp	Nick Hardt	https://www.tennislive.net/atp/nick-hardt/
tennis-player-nick-kyrgios	atp	Nick Kyrgios	https://www.tennislive.net/atp/nick-kyrgios/
tennis-player-nicolas-kicker	atp	Nicolas Kicker	https://www.tennislive.net/atp/nicolas-kicker/
tennis-player-nuno-borges	atp	Nuno Borges	https://www.tennislive.net/atp/nuno-borges/
tennis-player-oleg-prihodko	atp	Oleg Prihodko	https://www.tennislive.net/atp/oleg-prihodko/
tennis-player-oriol-roca-batalla	atp	Oriol Roca Batalla	https://www.tennislive.net/atp/oriol-roca-batalla/
tennis-player-pedro-martinez	atp	Pedro Martinez	https://www.tennislive.net/atp/pedro-martinez/
tlp-77e2e7cb2e55f9b96cdb38d2	atp	Petar Jovanovic	https://www.tennislive.net/atp/petar-jovanovic/
tennis-player-peter-buldorini	atp	Peter Buldorini	https://www.tennislive.net/atp/peter-buldorini/
tennis-player-radu-albot	atp	Radu Albot	https://www.tennislive.net/atp/radu-albot/
tlp-da1435aaff7420c747b1331d	atp	Rihards Neimanis	https://www.tennislive.net/atp/rihards-neimanis/
tennis-player-saba-purtseladze	atp	Saba Purtseladze	https://www.tennislive.net/atp/saba-purtseladze/
tlp-e32825c7dce4a8fd44d85390	atp	Santiago Rodriguez Taverna	https://www.tennislive.net/atp/santiago-fa-rodriguez-taverna/
tlp-f9bbfbd540f6408399d7e261	atp	Simon Knezevic	https://www.tennislive.net/atp/simon-knezevic/
tennis-player-tallon-griekspoor	atp	Tallon Griekspoor	https://www.tennislive.net/atp/tallon-griekspoor/
tennis-player-tamerlan-azizov	atp	Tamerlan Azizov	https://www.tennislive.net/atp/tamerlan-azizov/
tennis-player-taylor-fritz	atp	Taylor Fritz	https://www.tennislive.net/atp/taylor-fritz/
tennis-player-thijs-boogaard	atp	Thijs Boogaard	https://www.tennislive.net/atp/thijs-boogaard/
tennis-player-thomas-faurel	atp	Thomas Faurel	https://www.tennislive.net/atp/thomas-faurel/
tennis-player-ugo-humbert	atp	Ugo Humbert	https://www.tennislive.net/atp/ugo-humbert/
tennis-player-zhizhen-zhang	atp	Zhizhen Zhang	https://www.tennislive.net/atp/zhang-zhizhen/
tennis-player-zsombor-piros	atp	Zsombor Piros	https://www.tennislive.net/atp/zsombor-piros/
tennis-player-ajla-tomljanovic	wta	Ajla Tomljanovic	https://www.tennislive.net/wta/ajla-tomljanovic/
tennis-player-anastasia-potapova	wta	Anastasia Potapova	https://www.tennislive.net/wta/anastasia-potapova/
tennis-player-barbora-krejcikova	wta	Barbora Krejcikova	https://www.tennislive.net/wta/barbora-krejcikova/
tennis-player-caty-mcnally	wta	Caty McNally	https://www.tennislive.net/wta/caty-mcnally/
tennis-player-dayana-yastremska	wta	Dayana Yastremska	https://www.tennislive.net/wta/dayana-yastremska/
tennis-player-elena-rybakina	wta	Elena Rybakina	https://www.tennislive.net/wta/elena-rybakina/
tennis-player-elena-gabriela-ruse	wta	Elena-Gabriela Ruse	https://www.tennislive.net/wta/elena-gabriela-ruse/
tennis-player-emma-raducanu	wta	Emma Raducanu	https://www.tennislive.net/wta/emma-raducanu/
tennis-player-greet-minnen	wta	Greet Minnen	https://www.tennislive.net/wta/greet-minnen/
tennis-player-jaqueline-cristian	wta	Jaqueline Cristian	https://www.tennislive.net/wta/jaqueline-adina-cristian/
tennis-player-julia-grabher	wta	Julia Grabher	https://www.tennislive.net/wta/julia-grabher/
tennis-player-katie-swan	wta	Katie Swan	https://www.tennislive.net/wta/katie-swan/
tennis-player-lanlana-tararudee	wta	Lanlana Tararudee	https://www.tennislive.net/wta/lanlana-tararudee/
tennis-player-maiar-sherif-ahmed-abdelaziz	wta	Maiar Sherif Ahmed Abdelaziz	https://www.tennislive.net/wta/maiar-sherif-ahmed-abdelaziz/
tennis-player-nuria-brancaccio	wta	Nuria Brancaccio	https://www.tennislive.net/wta/nuria-brancaccio/
tennis-player-solana-sierra	wta	Solana Sierra	https://www.tennislive.net/wta/solana-sierra/
tennis-player-sorana-cirstea	wta	Sorana Cirstea	https://www.tennislive.net/wta/sorana-cirstea/
tennis-player-tamara-zidansek	wta	Tamara Zidansek	https://www.tennislive.net/wta/tamara-zidansek/
tennis-player-tatjana-maria	wta	Tatjana Maria	https://www.tennislive.net/wta/tatjana-maria/
tennis-player-varvara-lepchenko	wta	Varvara Lepchenko	https://www.tennislive.net/wta/varvara-lepchenko/
tennis-player-victoria-jimenez-kasintseva	wta	Victoria Jimenez Kasintseva	https://www.tennislive.net/wta/victoria-jimenez-kasintseva/
tennis-player-zeynep-sonmez	wta	Zeynep Sonmez	https://www.tennislive.net/wta/zeynep-sonmez/
