date,gamePk,title,total_full,total_f5,full_line,f5_line,full_over,f5_over,full_side_known,f5_side_known,f5_story,posted_total,projected_full_total,projected_f5_total,derived_f5_line,away_projected_runs,home_projected_runs,away_f5_projected_runs,home_f5_projected_runs,away_projected_hits,home_projected_hits,away_f5_projected_hits,home_f5_projected_hits,away_hit_eff,home_hit_eff,away_f5_hit_eff,home_f5_hit_eff,chaos_maxMistakeChaos,chaos_maxRunClustering,chaos_maxEarlyMultiRunAllowed,chaos_maxOneBadInningAllowed,chaos_maxQuietFirst5,chaos_maxDeadBatTraffic,chaos_minLineupConversion,chaos_weatherCarry,chaos_weatherSuppress,tail_shape,category,full_total_lean,f5_total_lean,weather_carry_flag,weather_suppress_flag,away_starter_era,away_starter_whip,away_starter_inningsPitched,away_starter_walks,away_starter_homeRunsAllowed,away_starter_usage_expectedInnings,away_starter_usage_shortLeashRisk,away_mistake_mistakeChaosIndex,away_mistake_runClusteringIndex,away_mistake_oneBadInningAllowedRate,away_mistake_earlyMultiRunAllowedRate,away_lineup_lineupConversionIndex,away_lineup_baserunnersPerGame,away_lineup_runsPerBaserunner,away_lineup_quietFirst5Rate,away_lineup_trafficNoConversionRate,away_bullpen_bullpenChaosIndex,away_bullpen_bullpenMeltdownGameRate,away_bullpen_firstBatterReachRate,away_bullpen_homeRunAppearanceRate,home_starter_era,home_starter_whip,home_starter_inningsPitched,home_starter_walks,home_starter_homeRunsAllowed,home_starter_usage_expectedInnings,home_starter_usage_shortLeashRisk,home_mistake_mistakeChaosIndex,home_mistake_runClusteringIndex,home_mistake_oneBadInningAllowedRate,home_mistake_earlyMultiRunAllowedRate,home_lineup_lineupConversionIndex,home_lineup_baserunnersPerGame,home_lineup_runsPerBaserunner,home_lineup_quietFirst5Rate,home_lineup_trafficNoConversionRate,home_bullpen_bullpenChaosIndex,home_bullpen_bullpenMeltdownGameRate,home_bullpen_firstBatterReachRate,home_bullpen_homeRunAppearanceRate,park_runs,park_hr
2026-05-23,824674,Astros @ Cubs,3.0,3.0,7.5,4.1,0,0,1,1,dead,7.5,7.3,4.0,4.1,5.0,2.3,2.9,1.1,9.6,5.4,5.8,2.8,27.7,15.7,30.1,15.1,63.8,75.3,0.38,0.5,0.5,0.38,8.5,0.0,1.0,none,none,Pass,Pass,1.0,1.0,2.19,1.05,37.0,15.0,3.0,3.67,0.67,53.24,61.49,0.5,0.13,16.84,8.88,0.27,0.5,0.0,39.65,0.31,0.23,0.09,4.83,1.37,54.0,17.0,8.0,4.95,0.43,63.82,75.27,0.5,0.38,8.49,12.25,0.31,0.25,0.0,41.58,0.17,0.21,0.18,100.0,100.0
2026-05-23,823300,Athletics @ Padres,2.0,2.0,8.0,4.6,0,0,1,1,dead,8.0,5.6,3.2,4.6,3.2,2.4,1.9,1.3,6.6,5.8,4.1,3.4,19.0,17.1,21.6,18.0,62.6,82.0,0.5,0.5,0.5,0.25,43.6,0.0,0.0,none,none,Under,Under,0.0,0.0,3.02,1.12,53.2,22.0,6.0,5.54,0.13,62.56,81.95,0.5,0.5,43.61,13.38,0.35,0.38,0.0,37.35,0.23,0.3,0.05,3.38,1.0,8.0,5.0,0.0,5.0,0.0,59.45,70.0,0.25,0.5,45.59,10.0,0.38,0.5,0.13,41.32,0.08,0.29,0.07,94.0,108.0
2026-05-23,824516,Cardinals @ Reds,13.0,6.0,9.5,5.5,1,1,1,1,crooked,9.5,12.0,7.0,5.5,5.9,6.1,3.3,3.7,10.9,11.8,6.4,7.2,31.5,34.2,33.3,37.9,63.5,74.1,0.5,0.5,0.5,0.5,6.5,0.0,0.0,none,none,Over,Over,0.0,0.0,4.44,1.58,50.2,22.0,8.0,5.07,0.11,56.81,54.07,0.5,0.0,6.5,12.25,0.28,0.5,0.13,54.7,0.36,0.46,0.17,5.91,1.22,10.2,3.0,2.0,5.67,0.0,63.52,74.11,0.38,0.5,78.2,13.63,0.49,0.25,0.13,58.97,0.55,0.3,0.25,106.0,122.0
2026-05-23,824518,Cardinals @ Reds,9.0,4.0,9.5,5.5,0,0,1,1,normal,9.5,12.5,7.3,5.5,6.6,5.9,4.1,3.2,11.6,11.6,7.2,6.5,33.3,33.7,37.5,34.2,63.5,74.1,0.5,0.5,0.5,0.5,6.5,0.0,0.0,none,none,Over,Over,0.0,0.0,3.76,1.25,55.0,20.0,7.0,4.9,0.1,56.81,54.07,0.5,0.0,6.5,12.25,0.28,0.5,0.13,54.7,0.36,0.46,0.17,6.86,1.67,40.2,14.0,6.0,4.43,0.71,63.52,74.11,0.38,0.5,78.2,13.63,0.49,0.25,0.13,58.97,0.55,0.3,0.25,106.0,122.0
2026-05-23,823787,Dodgers @ Brewers,14.0,7.0,8.0,4.7,1,1,1,1,crooked,8.0,9.3,5.5,4.7,4.7,4.6,2.7,2.8,10.4,9.7,6.1,6.0,30.2,28.3,32.1,31.7,46.4,74.5,0.25,0.13,0.38,0.25,45.5,0.0,0.0,none,none,Over,Over,0.0,0.0,4.93,1.42,45.2,18.0,9.0,5.08,0.38,46.37,74.5,0.13,0.25,45.45,13.25,0.43,0.38,0.0,44.73,0.23,0.29,0.0,6.48,1.56,8.1,6.0,1.0,4.0,1.0,39.61,61.95,0.13,0.13,48.84,13.38,0.37,0.38,0.13,37.99,0.08,0.25,0.06,94.0,106.0
2026-05-23,823458,Guardians @ Phillies,3.0,2.0,7.5,4.4,0,0,1,1,dead,7.5,6.5,3.8,4.4,2.3,4.2,1.2,2.6,5.5,9.7,3.0,5.9,15.9,28.3,15.7,31.1,54.5,74.0,0.38,0.25,0.5,0.13,49.1,0.0,1.0,none,none,Under,Under,1.0,1.0,5.18,1.48,57.1,20.0,9.0,5.23,0.3,47.96,65.25,0.25,0.25,54.12,12.88,0.41,0.5,0.0,36.05,0.08,0.36,0.07,1.67,0.82,37.2,8.0,1.0,6.33,0.0,54.48,73.96,0.25,0.38,49.07,11.13,0.4,0.5,0.13,42.97,0.08,0.26,0.15,104.0,114.0
2026-05-23,824109,Mariners @ Royals,5.0,4.0,8.5,5.0,0,0,1,1,normal,8.5,6.8,4.0,5.0,4.1,2.7,2.3,1.7,8.5,5.5,4.9,3.8,24.5,16.1,25.8,19.8,53.4,71.3,0.38,0.25,0.63,0.63,0.0,0.0,0.0,none,none,Under,Under,0.0,0.0,3.54,1.21,68.2,16.0,6.0,6.27,0.0,47.79,71.32,0.25,0.0,19.36,11.0,0.33,0.63,0.0,46.77,0.15,0.42,0.1,2.77,0.85,26.0,5.0,3.0,5.67,0.33,53.36,52.33,0.13,0.38,0.0,10.13,0.19,0.5,0.13,52.06,0.25,0.53,0.16,100.0,83.0
2026-05-23,823862,Mets @ Marlins,5.0,4.0,8.5,4.9,0,0,1,1,normal,8.5,4.9,2.8,4.9,2.4,2.5,1.2,1.6,5.6,5.6,2.9,3.9,16.2,16.3,15.0,20.7,67.2,82.6,0.5,0.5,0.38,0.25,52.9,0.0,0.0,none,none,Under,Under,0.0,0.0,3.52,1.27,61.1,27.0,8.0,5.43,0.1,64.98,82.6,0.5,0.5,63.71,11.75,0.47,0.38,0.0,45.94,0.31,0.22,0.08,2.52,1.05,60.2,22.0,4.0,5.37,0.1,67.21,79.66,0.5,0.5,52.92,11.63,0.4,0.25,0.13,48.47,0.46,0.15,0.08,100.0,87.0
2026-05-23,824920,Nationals @ Braves,2.0,2.0,8.5,5.0,0,0,1,1,dead,8.5,9.1,5.4,5.0,4.0,5.1,2.5,2.9,7.5,11.7,5.0,6.7,21.7,34.1,26.2,35.4,63.0,72.2,0.5,0.38,0.38,0.13,58.9,0.0,1.0,none,none,Over,Pass,1.0,1.0,5.23,1.35,51.2,22.0,7.0,4.67,0.3,63.02,72.18,0.38,0.5,58.9,13.63,0.44,0.38,0.13,61.66,0.46,0.37,0.19,3.78,1.3,52.1,24.0,9.0,5.26,0.33,46.25,59.62,0.25,0.13,61.88,12.25,0.45,0.38,0.0,39.38,0.08,0.2,0.15,100.0,95.0
2026-05-23,822814,Pirates @ Blue Jays,7.0,1.0,7.5,4.3,0,0,1,1,dead,7.5,7.0,4.0,4.3,4.6,2.4,2.8,1.2,9.8,5.6,6.0,3.1,28.2,16.3,31.2,16.1,65.9,67.0,0.38,0.63,0.5,0.25,33.6,0.0,0.0,none,none,Pass,Pass,0.0,0.0,3.0,0.82,60.0,9.0,6.0,5.5,0.2,65.92,67.01,0.63,0.38,48.89,12.63,0.37,0.38,0.0,58.39,0.5,0.36,0.14,3.86,1.4,44.1,13.0,4.0,4.79,0.5,46.68,66.07,0.25,0.0,33.58,10.13,0.35,0.5,0.0,48.94,0.23,0.27,0.08,102.0,110.0
2026-05-23,824030,Rangers @ Angels,7.0,4.0,8.5,4.7,0,0,1,1,normal,8.5,7.2,4.0,4.7,4.8,2.4,2.6,1.4,10.0,5.8,5.7,3.4,28.9,16.9,29.8,17.9,74.5,78.0,0.38,0.63,0.38,0.13,42.0,1.0,0.0,none,none,Pass,Pass,1.0,0.0,3.81,1.16,56.2,14.0,11.0,6.07,0.0,57.69,72.84,0.25,0.38,43.09,13.5,0.39,0.38,0.0,49.44,0.25,0.25,0.06,2.8,1.36,35.1,21.0,2.0,5.28,0.17,74.53,77.99,0.63,0.38,41.95,10.0,0.34,0.38,0.0,58.75,0.54,0.4,0.14,100.0,100.0
2026-05-23,825080,Rockies @ Diamondbacks,9.0,7.0,9.0,5.4,0,1,0,1,crooked,9.0,10.5,6.3,5.4,4.7,5.8,2.8,3.5,9.2,11.9,5.6,7.3,26.2,34.5,29.3,38.1,59.8,74.6,0.5,0.63,0.25,0.38,30.7,0.0,0.0,none,none,Over,Over,0.0,0.0,6.75,1.88,50.2,17.0,9.0,4.77,0.2,59.84,62.85,0.63,0.38,30.74,10.25,0.32,0.25,0.13,47.74,0.08,0.34,0.08,4.53,1.37,51.2,15.0,7.0,4.9,0.2,56.65,74.63,0.25,0.5,58.57,14.38,0.4,0.25,0.13,42.81,0.15,0.22,0.0,110.0,93.0
2026-05-23,824760,Twins @ Red Sox,6.0,5.0,7.5,4.4,0,1,1,1,crooked,7.5,7.2,4.2,4.4,3.7,3.5,2.2,2.0,8.0,8.0,4.9,4.8,23.1,23.3,25.7,25.2,60.8,75.1,0.25,0.38,0.63,0.38,15.0,0.0,1.0,none,none,Pass,Pass,1.0,1.0,2.77,1.17,52.0,19.0,5.0,5.88,0.13,51.02,75.07,0.25,0.25,45.8,12.0,0.38,0.5,0.0,37.05,0.08,0.35,0.0,3.38,1.2,26.2,14.0,4.0,1.0,1.0,60.84,69.56,0.38,0.25,15.01,12.38,0.27,0.63,0.25,50.31,0.17,0.3,0.05,104.0,84.0
2026-05-23,823222,White Sox @ Giants,13.0,12.0,8.0,4.7,1,1,1,1,crooked,8.0,9.8,5.8,4.7,6.0,3.8,3.7,2.1,11.9,7.7,7.3,4.6,34.5,22.5,38.5,24.2,70.6,76.5,0.38,0.88,0.25,0.25,38.0,1.0,0.0,none,none,Over,Over,1.0,0.0,1.48,1.27,24.1,10.0,0.0,1.0,1.0,66.16,72.73,0.63,0.25,57.22,12.13,0.45,0.25,0.0,58.23,0.5,0.4,0.15,5.3,1.48,52.2,19.0,8.0,5.33,0.33,70.64,76.5,0.88,0.38,38.02,11.63,0.34,0.13,0.13,54.16,0.38,0.42,0.04,94.0,78.0
2026-05-24,824676,Astros @ Cubs,13.0,10.0,9.0,5.0,1,1,1,1,crooked,9.0,6.3,3.5,5.0,4.0,2.3,2.4,1.1,8.4,5.2,5.2,2.7,24.2,15.2,27.0,14.5,65.0,73.2,0.5,0.5,0.63,0.25,10.6,0.0,0.0,none,none,Under,Under,0.0,0.0,4.06,1.19,37.2,16.0,2.0,5.89,0.0,46.98,60.49,0.38,0.0,21.11,8.88,0.27,0.63,0.0,39.65,0.31,0.23,0.09,3.5,1.02,61.2,16.0,9.0,5.87,0.0,65.04,73.22,0.5,0.5,10.59,11.88,0.29,0.25,0.0,40.16,0.17,0.16,0.18,100.0,100.0
2026-05-24,823297,Athletics @ Padres,7.0,4.0,7.5,4.4,0,0,1,1,normal,7.5,5.6,3.3,4.4,2.6,3.0,1.6,1.7,5.2,7.5,3.7,4.3,15.1,21.9,19.4,22.8,65.6,76.4,0.63,0.5,0.63,0.38,27.5,0.0,0.0,none,none,Under,Under,0.0,0.0,2.41,1.18,18.2,9.0,1.0,4.6,0.0,65.62,76.43,0.5,0.63,27.5,13.25,0.3,0.5,0.0,40.35,0.23,0.33,0.05,2.31,1.06,58.1,24.0,4.0,5.83,0.0,52.94,65.16,0.13,0.38,46.71,10.0,0.39,0.63,0.13,41.32,0.08,0.29,0.07,94.0,108.0
2026-05-24,823786,Dodgers @ Brewers,6.0,6.0,6.5,3.7,0,1,1,1,crooked,6.5,8.5,4.8,3.7,5.1,3.4,2.8,2.0,11.2,7.4,6.4,4.7,32.4,21.7,33.9,24.7,53.2,75.8,0.38,0.25,0.38,0.25,44.5,0.0,0.0,none,none,Over,Over,0.0,0.0,3.3,0.97,60.0,12.0,9.0,6.33,0.0,53.2,75.77,0.25,0.38,45.31,14.38,0.45,0.38,0.0,44.63,0.23,0.29,0.0,5.28,1.51,44.1,26.0,9.0,4.76,0.14,43.74,66.3,0.25,0.13,44.51,12.63,0.36,0.38,0.13,44.43,0.17,0.25,0.06,94.0,106.0
2026-05-24,823459,Guardians @ Phillies,4.0,1.0,4.0,2.3,0,0,0,1,dead,4.0,6.5,3.8,2.3,4.2,2.3,2.6,1.2,9.7,5.4,5.9,3.0,27.8,15.8,30.9,15.8,51.2,69.8,0.38,0.25,0.5,0.13,48.8,0.0,1.0,none,none,Over,Over,1.0,1.0,2.24,1.04,64.1,19.0,6.0,5.87,0.0,42.28,60.68,0.13,0.13,52.93,11.38,0.4,0.5,0.0,35.43,0.08,0.34,0.07,5.44,1.47,49.2,16.0,7.0,4.83,0.13,51.15,69.79,0.25,0.38,48.79,11.25,0.4,0.5,0.0,43.77,0.08,0.3,0.15,104.0,114.0
2026-05-24,824108,Mariners @ Royals,14.0,5.0,6.5,3.6,1,1,1,1,crooked,6.5,7.0,3.9,3.6,4.5,2.5,2.7,1.2,9.3,5.2,5.6,2.8,26.9,15.2,29.4,14.7,51.8,65.6,0.25,0.38,0.63,0.5,0.6,0.0,1.0,none,none,Pass,Pass,1.0,1.0,3.29,0.97,63.0,12.0,6.0,5.9,0.1,51.81,65.61,0.38,0.13,4.79,9.63,0.27,0.63,0.0,46.28,0.15,0.41,0.08,3.55,1.33,63.1,21.0,3.0,5.87,0.0,51.41,57.35,0.13,0.25,0.62,10.13,0.22,0.5,0.13,52.44,0.25,0.53,0.17,100.0,83.0
2026-05-24,823861,Mets @ Marlins,4.0,0.0,4.0,2.6,0,0,0,1,dead,4.0,5.8,3.7,2.6,2.5,3.3,1.6,2.1,5.3,7.6,3.6,5.0,15.2,22.2,19.0,26.1,63.8,85.5,0.5,0.5,0.38,0.13,61.6,0.0,0.0,none,none,Over,Over,0.0,0.0,3.28,1.38,24.2,14.0,1.0,3.93,0.2,63.48,85.5,0.38,0.5,61.59,11.63,0.46,0.38,0.0,46.76,0.31,0.19,0.08,1.07,1.25,33.2,18.0,1.0,5.2,0.0,63.78,78.96,0.5,0.38,62.06,11.88,0.41,0.25,0.13,45.83,0.38,0.14,0.08,100.0,87.0
2026-05-24,824921,Nationals @ Braves,3.0,1.0,8.0,4.6,0,0,1,1,dead,8.0,8.1,4.7,4.6,4.1,4.0,2.4,2.3,8.0,9.1,5.1,5.3,23.2,26.4,26.7,27.9,64.4,71.8,0.5,0.38,0.38,0.25,55.2,0.0,0.0,none,none,Pass,Pass,0.0,0.0,4.02,1.18,56.0,18.0,10.0,5.6,0.0,64.41,71.78,0.38,0.5,55.23,13.63,0.43,0.38,0.13,56.54,0.38,0.36,0.14,2.85,1.0,41.0,13.0,5.0,5.28,0.0,49.08,59.92,0.25,0.13,58.95,11.63,0.44,0.38,0.0,38.03,0.08,0.17,0.13,100.0,95.0
2026-05-24,822813,Pirates @ Blue Jays,5.0,3.0,5.5,3.2,0,0,1,1,dead,5.5,5.4,3.1,3.2,3.0,2.4,1.8,1.3,6.4,5.5,4.0,3.2,18.6,15.9,20.9,16.9,71.5,66.3,0.38,0.75,0.5,0.25,33.4,0.0,0.0,none,none,Pass,Pass,0.0,0.0,3.64,1.07,64.1,19.0,4.0,5.83,0.1,71.48,66.26,0.75,0.38,33.44,11.88,0.34,0.5,0.0,58.94,0.58,0.33,0.17,3.05,1.21,62.0,26.0,5.0,5.73,0.1,44.96,65.22,0.25,0.0,35.09,10.75,0.36,0.5,0.0,50.26,0.23,0.29,0.08,102.0,110.0
2026-05-24,824028,Rangers @ Angels,3.0,2.0,8.0,4.4,0,0,1,1,dead,8.0,7.4,4.1,4.4,4.1,3.3,2.2,1.9,8.6,7.2,4.8,4.3,24.8,21.0,25.0,22.7,69.5,77.9,0.5,0.5,0.38,0.25,32.9,1.0,0.0,none,none,Pass,Pass,1.0,0.0,4.78,1.33,49.0,24.0,6.0,4.9,0.2,54.9,70.78,0.13,0.5,32.9,13.88,0.34,0.25,0.0,51.4,0.25,0.29,0.06,5.07,1.29,55.0,19.0,4.0,5.5,0.1,69.51,77.94,0.5,0.38,49.05,10.75,0.37,0.38,0.0,53.64,0.46,0.36,0.11,100.0,100.0
2026-05-24,823544,Rays @ Yankees,2.0,0.0,3.0,1.9,0,0,1,1,dead,3.0,6.6,4.2,1.9,4.0,2.6,2.6,1.6,8.7,6.4,5.7,4.0,25.3,18.7,29.7,21.3,63.8,80.9,0.14,0.57,0.57,0.14,7.4,0.0,1.0,none,none,Over,Over,1.0,1.0,2.83,1.0,54.0,10.0,7.0,5.33,0.11,46.75,80.92,0.29,0.14,69.19,14.71,0.46,0.57,0.0,47.91,0.27,0.26,0.16,3.14,1.12,57.1,16.0,8.0,5.59,0.11,63.8,67.35,0.57,0.14,7.42,12.0,0.29,0.57,0.29,51.81,0.25,0.41,0.11,100.0,100.0
2026-05-24,825081,Rockies @ Diamondbacks,10.0,7.0,8.5,5.0,1,1,1,1,crooked,8.5,9.6,5.6,5.0,4.1,5.5,2.4,3.2,8.2,11.7,5.1,6.8,23.5,33.8,26.8,35.4,58.5,72.9,0.5,0.63,0.25,0.38,28.3,0.0,0.0,none,none,Over,Over,0.0,0.0,4.08,1.41,39.2,17.0,6.0,4.96,0.13,58.5,58.66,0.63,0.38,28.32,11.13,0.33,0.25,0.13,47.02,0.08,0.33,0.08,5.19,1.19,52.0,16.0,11.0,5.2,0.1,54.94,72.86,0.25,0.5,47.86,13.88,0.38,0.25,0.13,42.4,0.15,0.24,0.03,110.0,93.0
2026-05-24,824840,Tigers @ Orioles,5.0,5.0,8.0,4.5,0,1,1,1,crooked,8.0,8.3,4.7,4.5,4.5,3.8,2.6,2.1,9.2,8.3,5.4,4.8,26.5,24.1,28.0,25.4,64.1,70.7,0.63,0.38,0.5,0.63,0.0,0.0,0.0,none,none,Pass,Pass,0.0,0.0,4.28,1.33,61.0,23.0,6.0,5.5,0.1,56.85,58.07,0.25,0.63,0.0,9.75,0.22,0.5,0.0,64.32,0.33,0.33,0.13,6.87,1.66,38.0,15.0,5.0,4.75,0.25,64.12,70.65,0.38,0.38,32.67,12.75,0.35,0.38,0.25,50.47,0.36,0.32,0.08,106.0,112.0
2026-05-24,824839,Tigers @ Orioles,8.0,2.0,8.0,4.6,0,0,0,1,dead,8.0,9.0,5.2,4.6,4.1,4.9,2.4,2.8,8.1,10.9,4.9,6.4,23.1,31.8,25.8,33.4,64.1,70.7,0.63,0.38,0.5,0.63,0.0,0.0,0.0,none,none,Pass,Pass,0.0,0.0,4.28,1.33,61.0,23.0,6.0,5.5,0.1,56.85,58.07,0.25,0.63,0.0,9.75,0.22,0.5,0.0,64.32,0.33,0.33,0.13,3.47,1.4,36.1,16.0,5.0,4.94,0.17,64.12,70.65,0.38,0.38,32.67,12.75,0.35,0.38,0.25,50.47,0.36,0.32,0.08,106.0,112.0
2026-05-24,824759,Twins @ Red Sox,11.0,7.0,10.5,6.2,1,1,1,1,crooked,10.5,6.3,3.7,6.2,3.5,2.8,2.1,1.6,8.1,6.0,5.1,3.7,23.4,17.5,26.9,19.3,57.0,69.4,0.38,0.25,0.5,0.38,15.0,0.0,1.0,none,none,Under,Under,1.0,1.0,3.98,1.1,61.0,17.0,9.0,5.7,0.0,48.28,69.37,0.25,0.25,33.28,11.75,0.33,0.5,0.0,37.01,0.08,0.38,0.0,3.27,1.2,44.0,11.0,4.0,5.0,0.13,57.04,64.58,0.25,0.38,15.03,12.5,0.28,0.5,0.25,50.5,0.17,0.3,0.05,104.0,84.0
2026-05-24,823220,White Sox @ Giants,13.0,12.0,8.0,4.6,1,1,1,1,crooked,8.0,9.8,5.6,4.6,4.8,5.0,2.8,2.8,9.7,10.5,6.0,6.1,28.0,30.8,31.6,32.3,74.0,80.7,0.25,0.88,0.25,0.25,46.0,1.0,0.0,none,none,Over,Over,1.0,0.0,4.93,1.3,34.2,21.0,3.0,4.95,0.14,73.98,80.69,0.75,0.25,45.98,11.88,0.43,0.25,0.13,61.2,0.5,0.45,0.23,4.28,1.32,54.2,22.0,12.0,5.47,0.0,67.3,79.04,0.88,0.25,46.65,13.0,0.38,0.13,0.13,49.06,0.31,0.33,0.05,94.0,78.0
2026-05-25,822899,Astros @ Rangers,9.0,4.0,8.0,4.5,1,0,1,1,normal,8.0,8.6,4.8,4.5,3.8,4.8,2.2,2.6,7.3,11.3,4.6,6.2,21.4,33.3,24.3,33.0,55.1,76.3,0.5,0.5,0.5,0.25,39.2,0.0,0.0,none,none,Over,Pass,0.0,0.0,8.31,1.79,17.1,14.0,4.0,3.47,0.4,53.19,69.96,0.5,0.13,40.63,9.25,0.34,0.5,0.0,40.44,0.31,0.24,0.09,3.6,1.38,45.0,20.0,4.0,4.67,0.25,55.08,76.26,0.13,0.5,39.2,13.63,0.36,0.25,0.0,51.06,0.25,0.28,0.06,85.0,88.0
2026-05-25,823784,Cardinals @ Brewers,6.0,3.0,7.5,4.2,0,0,1,1,dead,7.5,9.3,5.2,4.2,4.1,5.2,2.3,2.9,7.3,11.1,4.6,6.3,21.3,32.3,24.4,33.2,50.2,71.1,0.13,0.43,0.43,0.43,25.8,0.0,0.0,none,none,Over,Over,0.0,0.0,4.76,1.57,56.2,22.0,10.0,5.17,0.1,50.19,57.87,0.43,0.0,25.76,12.14,0.34,0.43,0.0,47.38,0.27,0.43,0.12,1.83,0.83,64.0,19.0,4.0,5.7,0.0,46.49,71.13,0.38,0.13,44.86,12.5,0.34,0.25,0.0,47.62,0.17,0.3,0.1,94.0,106.0
2026-05-25,823380,Cubs @ Pirates,3.0,2.0,8.0,4.8,0,0,1,1,dead,8.0,6.0,3.6,4.8,3.4,2.6,2.1,1.5,7.8,5.4,4.8,3.4,22.6,15.7,24.9,18.1,67.0,70.0,0.63,0.63,0.63,0.25,7.7,1.0,0.0,none,none,Under,Under,1.0,0.0,2.01,0.99,44.2,14.0,1.0,4.33,0.67,66.95,70.0,0.63,0.63,7.73,11.13,0.26,0.25,0.0,43.24,0.17,0.21,0.16,3.76,1.42,55.0,20.0,3.0,4.88,0.5,63.97,58.53,0.63,0.38,19.04,11.25,0.3,0.63,0.0,54.71,0.5,0.31,0.18,100.0,80.0
2026-05-25,823219,Diamondbacks @ Giants,8.0,6.0,7.5,4.5,1,1,1,1,crooked,7.5,9.5,5.7,4.5,3.7,5.8,2.1,3.6,7.7,11.9,4.5,7.4,22.2,34.6,23.7,39.2,61.4,79.5,0.38,0.75,0.25,0.25,62.1,1.0,0.0,none,none,Over,Over,1.0,0.0,5.71,1.51,41.0,18.0,8.0,5.86,0.0,51.04,74.2,0.25,0.38,71.76,13.75,0.45,0.25,0.0,42.4,0.15,0.24,0.03,3.27,1.15,55.0,21.0,2.0,5.5,0.0,61.42,79.49,0.75,0.25,62.07,13.5,0.43,0.13,0.0,49.04,0.23,0.33,0.07,94.0,78.0
2026-05-25,825005,Mariners @ Athletics,11.0,7.0,10.5,5.9,1,1,1,1,crooked,10.5,9.4,5.3,5.9,4.5,4.9,2.5,2.8,8.8,9.7,5.0,5.6,25.4,28.3,26.4,29.3,61.5,72.2,0.5,0.5,0.5,0.38,23.2,0.0,0.0,none,none,Under,Under,0.0,0.0,6.41,1.55,46.1,18.0,7.0,4.89,0.22,54.93,71.86,0.5,0.13,23.22,10.0,0.34,0.5,0.0,46.62,0.23,0.4,0.05,3.31,1.39,51.2,16.0,9.0,5.17,0.0,61.53,72.23,0.5,0.5,29.26,14.13,0.29,0.5,0.0,41.69,0.23,0.31,0.07,100.0,100.0
2026-05-25,822812,Marlins @ Blue Jays,10.0,3.0,7.5,4.6,1,0,1,1,dead,7.5,5.9,3.6,4.6,2.2,3.7,1.2,2.4,5.3,8.2,3.1,5.4,15.2,23.9,16.4,28.2,57.5,76.0,0.38,0.38,0.5,0.38,24.2,0.0,0.0,none,none,Under,Under,0.0,0.0,5.07,1.27,55.0,13.0,8.0,5.5,0.0,57.5,75.96,0.38,0.38,52.05,11.5,0.36,0.25,0.13,46.9,0.38,0.18,0.08,1.07,1.07,25.1,8.0,0.0,5.07,0.0,47.82,69.49,0.25,0.13,24.22,11.5,0.33,0.5,0.0,50.2,0.23,0.3,0.08,102.0,110.0
2026-05-25,824437,Nationals @ Guardians,12.0,10.0,8.0,4.5,1,1,1,1,crooked,8.0,9.2,5.2,4.5,5.3,3.9,3.1,2.1,10.5,8.4,6.3,5.0,30.5,24.5,32.9,26.7,59.3,62.8,0.5,0.25,0.63,0.38,37.3,0.0,0.0,none,none,Over,Over,0.0,0.0,3.32,1.48,21.2,14.0,3.0,1.27,1.0,59.34,62.83,0.25,0.5,37.32,12.75,0.35,0.5,0.13,55.21,0.31,0.38,0.14,3.75,1.25,60.0,21.0,7.0,5.45,0.0,41.92,59.29,0.0,0.13,45.12,10.5,0.38,0.63,0.13,34.3,0.08,0.35,0.07,96.0,94.0
2026-05-25,823296,Phillies @ Padres,3.0,1.0,7.0,4.1,0,0,1,1,dead,7.0,5.4,3.2,4.1,2.9,2.5,1.8,1.4,7.0,5.6,4.5,3.4,20.4,16.3,23.9,17.7,54.7,65.6,0.5,0.13,0.63,0.25,33.1,0.0,0.0,none,none,Under,Under,0.0,0.0,4.85,1.31,55.2,15.0,5.0,5.57,0.1,46.32,65.64,0.13,0.25,33.05,10.13,0.32,0.63,0.0,42.24,0.08,0.32,0.18,9.0,1.81,16.0,10.0,2.0,4.0,0.25,54.69,65.16,0.13,0.5,46.56,10.38,0.37,0.5,0.13,40.63,0.08,0.35,0.07,94.0,108.0
2026-05-25,824838,Rays @ Orioles,16.0,0.0,8.5,5.0,1,0,1,1,dead,8.5,8.1,4.8,5.0,5.4,2.7,3.3,1.5,10.3,6.1,6.3,3.5,29.6,17.7,32.6,18.7,66.9,82.6,0.5,0.38,0.71,0.14,29.1,1.0,0.0,none,none,Pass,Pass,1.0,0.0,2.52,1.04,50.0,19.0,2.0,4.96,0.0,48.92,82.64,0.29,0.14,46.22,14.43,0.4,0.71,0.0,49.13,0.27,0.25,0.19,3.86,1.47,58.1,30.0,7.0,5.23,0.0,66.87,74.52,0.38,0.5,29.05,11.75,0.35,0.38,0.25,47.69,0.33,0.31,0.08,106.0,112.0
2026-05-25,823625,Reds @ Mets,9.0,7.0,7.5,4.4,1,1,1,1,crooked,7.5,8.2,4.8,4.4,4.1,4.1,2.5,2.3,8.0,9.0,5.1,5.1,23.2,26.2,26.7,27.0,70.7,86.2,0.57,0.5,0.5,0.25,46.5,1.0,0.0,none,none,Over,Pass,1.0,0.0,6.75,1.44,16.0,9.0,4.0,5.0,0.0,66.66,68.48,0.29,0.57,55.28,11.43,0.4,0.14,0.14,61.91,0.73,0.37,0.32,3.51,1.02,59.0,17.0,6.0,5.8,0.0,70.67,86.23,0.5,0.5,46.46,11.5,0.4,0.5,0.0,48.1,0.31,0.24,0.11,98.0,102.0
2026-05-25,823948,Rockies @ Dodgers,8.0,3.0,8.5,5.0,0,0,1,1,dead,8.5,7.8,4.6,5.0,3.9,3.9,2.4,2.2,7.8,8.8,5.0,5.0,22.4,25.6,26.0,26.3,66.6,76.8,0.5,0.75,0.38,0.25,20.2,1.0,0.0,none,none,Pass,Pass,1.0,0.0,6.59,1.5,27.1,6.0,6.0,5.2,0.0,66.6,63.85,0.75,0.5,20.17,10.5,0.31,0.25,0.13,47.51,0.08,0.32,0.07,4.93,1.27,45.2,13.0,9.0,5.07,0.11,53.46,76.78,0.25,0.38,40.18,14.63,0.44,0.38,0.0,39.38,0.15,0.26,0.0,104.0,128.0
2026-05-25,824598,Twins @ White Sox,4.0,4.0,7.5,4.1,0,0,1,1,normal,7.5,7.7,4.2,4.1,4.8,2.9,2.7,1.5,10.4,6.2,6.3,3.4,30.0,18.0,32.7,17.7,73.7,80.7,0.38,0.75,0.38,0.25,36.4,1.0,0.0,none,none,Pass,Pass,1.0,0.0,2.37,0.84,19.0,2.0,3.0,6.5,0.0,48.52,72.2,0.38,0.25,36.38,12.63,0.35,0.38,0.0,34.11,0.08,0.35,0.0,3.96,1.39,52.1,23.0,7.0,4.92,0.13,73.73,80.69,0.75,0.38,43.6,11.88,0.43,0.25,0.13,62.56,0.5,0.46,0.24,96.0,95.0
2026-05-25,824107,Yankees @ Royals,7.0,3.0,9.5,5.8,0,0,1,1,dead,9.5,5.2,3.2,5.8,2.3,2.9,1.3,1.9,5.8,5.9,3.4,4.0,16.7,17.2,17.8,21.1,63.7,72.6,0.25,0.57,0.71,0.5,6.6,1.0,0.0,none,none,Under,Under,1.0,0.0,3.64,1.2,54.1,16.0,6.0,5.23,0.1,63.73,72.6,0.57,0.0,9.69,11.14,0.29,0.71,0.14,51.57,0.25,0.39,0.1,2.85,1.06,66.1,21.0,8.0,6.33,0.0,59.06,65.6,0.25,0.25,6.57,10.38,0.27,0.5,0.13,54.26,0.25,0.5,0.15,100.0,83.0
2026-05-26,824275,Angels @ Tigers,16.0,9.0,8.5,5.0,1,1,1,1,crooked,8.5,5.8,3.4,5.0,2.7,3.1,1.6,1.8,6.2,6.5,3.9,4.0,17.8,19.0,20.4,21.1,62.9,73.7,0.5,0.38,0.38,0.5,10.8,0.0,0.0,none,none,Under,Under,0.0,0.0,4.55,1.34,57.1,29.0,5.0,5.73,0.0,62.91,73.69,0.38,0.38,61.05,10.13,0.4,0.38,0.0,53.98,0.5,0.34,0.12,3.83,1.01,49.1,14.0,6.0,5.48,0.0,57.93,58.37,0.38,0.5,10.8,9.75,0.26,0.38,0.0,60.04,0.38,0.31,0.16,100.0,100.0
2026-05-26,822898,Astros @ Rangers,17.0,13.0,8.0,4.3,1,1,1,1,crooked,8.0,9.1,4.9,4.3,3.9,5.2,2.2,2.7,7.9,11.8,4.7,6.6,23.2,35.0,25.0,35.0,56.4,76.7,0.38,0.5,0.5,0.13,37.9,0.0,0.0,none,none,Over,Over,0.0,0.0,7.3,1.7,12.1,6.0,2.0,6.0,0.0,56.19,76.69,0.5,0.13,37.94,10.75,0.35,0.5,0.0,41.5,0.31,0.26,0.09,4.61,1.39,54.2,23.0,8.0,5.47,0.1,56.41,71.78,0.25,0.38,45.18,12.38,0.38,0.25,0.0,53.81,0.33,0.29,0.1,85.0,88.0
2026-05-26,824758,Braves @ Red Sox,13.0,4.0,8.0,4.7,1,0,1,1,normal,8.0,6.1,3.6,4.7,2.4,3.7,1.3,2.3,5.2,8.2,3.2,5.1,15.0,24.0,16.5,27.0,61.2,68.0,0.5,0.38,0.38,0.25,25.8,1.0,0.0,none,none,Under,Under,1.0,0.0,3.0,1.14,21.0,12.0,4.0,5.25,0.25,51.36,63.88,0.25,0.13,49.97,11.88,0.42,0.38,0.0,37.67,0.08,0.17,0.1,2.4,1.01,48.2,14.0,3.0,5.41,0.0,61.18,68.01,0.38,0.5,25.81,12.63,0.31,0.38,0.25,55.82,0.25,0.37,0.05,104.0,84.0
2026-05-26,823785,Cardinals @ Brewers,6.0,6.0,8.0,4.5,0,1,1,1,crooked,8.0,8.1,4.6,4.5,4.9,3.2,2.9,1.7,9.5,7.0,5.9,4.1,27.6,20.4,30.9,21.9,59.4,72.8,0.14,0.57,0.43,0.43,22.7,0.0,0.0,none,none,Pass,Pass,0.0,0.0,2.4,0.99,56.1,12.0,7.0,5.63,0.0,59.44,63.78,0.57,0.14,22.66,11.29,0.33,0.43,0.0,47.44,0.25,0.44,0.12,1.77,1.07,45.2,14.0,3.0,5.07,0.11,44.18,72.82,0.38,0.13,52.87,13.25,0.35,0.13,0.0,46.85,0.15,0.29,0.1,94.0,106.0
2026-05-26,823379,Cubs @ Pirates,13.0,9.0,8.0,4.6,1,1,1,1,crooked,8.0,6.2,3.6,4.6,2.3,3.9,1.1,2.5,5.2,8.5,2.7,5.4,15.0,24.8,14.0,28.5,64.9,71.6,0.5,0.5,0.75,0.38,3.0,0.0,0.0,none,none,Under,Under,0.0,0.0,,,,0.0,0.0,0.0,0.0,64.87,71.62,0.5,0.5,3.02,11.0,0.24,0.38,0.0,43.37,0.15,0.23,0.17,2.89,1.03,62.1,16.0,6.0,6.23,0.0,58.91,59.27,0.5,0.25,16.9,11.88,0.31,0.75,0.0,53.41,0.46,0.29,0.17,100.0,80.0
2026-05-26,823216,Diamondbacks @ Giants,12.0,5.0,8.0,4.6,1,1,1,1,crooked,8.0,9.2,5.3,4.6,5.1,4.1,3.0,2.3,10.4,8.4,6.3,4.9,30.1,24.6,33.1,26.0,63.7,85.3,0.38,0.75,0.25,0.25,59.1,1.0,0.0,none,none,Over,Over,1.0,0.0,2.24,1.19,60.1,23.0,4.0,6.03,0.0,45.37,73.54,0.13,0.38,67.97,13.63,0.43,0.25,0.0,43.6,0.15,0.28,0.03,6.1,1.57,51.2,21.0,10.0,5.17,0.0,63.67,85.26,0.75,0.25,59.09,12.38,0.42,0.13,0.0,50.34,0.23,0.35,0.07,94.0,78.0
2026-05-26,825004,Mariners @ Athletics,5.0,4.0,9.5,5.3,0,0,1,1,normal,9.5,8.2,4.6,5.3,4.1,4.1,2.3,2.3,8.1,8.5,4.7,5.0,23.3,24.9,24.8,26.1,60.3,78.2,0.63,0.5,0.5,0.38,30.5,0.0,0.0,none,none,Under,Under,0.0,0.0,3.07,1.06,58.2,13.0,8.0,5.87,0.0,54.33,78.2,0.38,0.13,43.07,10.25,0.39,0.5,0.0,47.77,0.23,0.43,0.08,,,,0.0,0.0,0.0,0.0,60.31,68.5,0.5,0.63,30.53,14.13,0.3,0.38,0.0,41.54,0.21,0.3,0.09,100.0,100.0
2026-05-26,822811,Marlins @ Blue Jays,9.0,3.0,7.5,4.4,1,0,1,1,dead,7.5,5.4,3.2,4.4,2.3,3.1,1.2,2.0,5.4,7.2,3.1,4.8,15.6,21.0,16.3,25.2,55.2,76.3,0.38,0.38,0.5,0.5,6.1,0.0,0.0,none,none,Under,Under,0.0,0.0,4.0,1.28,69.2,20.0,6.0,6.33,0.0,54.34,76.3,0.25,0.38,65.55,11.13,0.43,0.25,0.0,47.65,0.36,0.23,0.09,2.73,1.01,29.2,12.0,2.0,1.17,1.0,55.21,71.0,0.38,0.13,6.12,11.88,0.29,0.5,0.0,52.55,0.31,0.32,0.08,102.0,110.0
2026-05-26,824434,Nationals @ Guardians,9.0,5.0,7.5,4.5,1,1,1,1,crooked,7.5,8.4,5.0,4.5,5.1,3.3,3.1,1.9,10.4,7.4,6.3,4.5,30.2,21.6,33.1,23.8,57.7,67.3,0.38,0.25,0.63,0.38,26.1,0.0,0.0,none,none,Over,Over,0.0,0.0,3.86,1.43,53.2,19.0,3.0,4.88,0.18,57.74,67.27,0.25,0.38,53.25,13.13,0.41,0.5,0.0,54.49,0.29,0.37,0.14,3.05,1.32,56.0,27.0,6.0,5.09,0.09,45.49,56.69,0.13,0.25,26.13,9.63,0.31,0.63,0.13,33.93,0.08,0.31,0.1,96.0,94.0
2026-05-26,823294,Phillies @ Padres,7.0,6.0,7.5,4.4,0,1,1,1,crooked,7.5,5.5,3.2,4.4,2.8,2.7,1.6,1.6,6.7,6.4,4.0,3.8,19.4,18.8,20.9,20.2,54.7,63.2,0.5,0.13,0.63,0.38,20.5,1.0,0.0,none,none,Under,Under,1.0,0.0,6.04,1.56,50.2,18.0,9.0,5.07,0.1,45.68,63.18,0.13,0.25,27.98,9.0,0.32,0.63,0.0,42.3,0.08,0.32,0.16,2.96,1.19,54.2,16.0,5.0,5.47,0.0,54.68,59.33,0.13,0.5,20.53,10.13,0.3,0.5,0.13,40.05,0.08,0.33,0.07,94.0,108.0
2026-05-26,824837,Rays @ Orioles,7.0,7.0,8.5,4.9,0,1,1,1,crooked,8.5,10.3,5.9,4.9,6.3,4.0,3.7,2.2,12.1,8.3,7.1,5.0,34.6,24.2,37.1,26.2,61.4,78.1,0.38,0.29,0.57,0.14,38.1,1.0,0.0,none,none,Over,Over,1.0,0.0,3.54,1.36,28.0,15.0,4.0,3.8,0.4,50.59,78.07,0.29,0.14,46.39,14.57,0.41,0.57,0.0,53.42,0.36,0.24,0.18,4.87,1.45,57.1,25.0,7.0,5.73,0.0,61.37,72.57,0.25,0.38,38.08,12.63,0.39,0.38,0.13,51.76,0.42,0.33,0.1,106.0,112.0
2026-05-26,823624,Reds @ Mets,9.0,5.0,7.5,4.2,1,1,1,1,crooked,7.5,8.5,4.8,4.2,5.7,2.8,3.3,1.5,10.5,6.3,6.3,3.4,30.2,18.2,33.0,18.0,70.2,84.6,0.63,0.5,0.38,0.38,40.5,0.0,0.0,none,none,Over,Over,0.0,0.0,1.83,0.95,59.0,18.0,7.0,5.9,0.0,63.65,67.88,0.29,0.43,63.25,11.71,0.43,0.14,0.14,59.66,0.67,0.38,0.29,5.03,1.55,48.1,20.0,2.0,4.72,0.17,70.23,84.55,0.5,0.63,40.46,10.75,0.37,0.38,0.0,45.29,0.29,0.23,0.1,98.0,102.0
2026-05-26,823949,Rockies @ Dodgers,21.0,11.0,9.0,5.2,1,1,1,1,crooked,9.0,8.7,5.0,5.2,4.4,4.3,2.6,2.4,8.5,9.3,5.1,5.3,24.4,27.1,26.7,27.8,66.0,72.3,0.38,0.75,0.25,0.25,15.6,1.0,0.0,none,none,Pass,Pass,1.0,0.0,7.04,1.7,38.1,14.0,9.0,4.79,0.13,65.95,60.38,0.75,0.38,15.56,10.0,0.29,0.25,0.13,52.62,0.14,0.33,0.07,6.69,1.49,36.1,16.0,11.0,4.39,0.17,51.04,72.25,0.25,0.38,32.47,13.5,0.38,0.25,0.0,35.1,0.08,0.24,0.02,104.0,128.0
2026-05-26,824597,Twins @ White Sox,8.0,2.0,7.5,4.3,1,0,1,1,dead,7.5,7.0,4.0,4.3,3.7,3.3,2.2,1.8,8.5,7.0,5.2,4.1,24.7,20.4,27.5,21.5,70.2,79.7,0.38,0.75,0.25,0.25,33.3,0.0,1.0,none,none,Pass,Pass,1.0,1.0,3.02,0.97,56.2,14.0,3.0,5.15,0.09,50.27,72.2,0.38,0.38,39.34,12.88,0.34,0.25,0.0,33.73,0.08,0.34,0.0,4.08,1.21,53.0,14.0,5.0,4.96,0.0,70.22,79.7,0.75,0.38,33.33,11.75,0.38,0.25,0.13,60.53,0.46,0.43,0.23,96.0,95.0
2026-05-26,824106,Yankees @ Royals,16.0,11.0,8.5,4.5,1,1,1,1,crooked,8.5,6.4,3.4,4.5,3.8,2.6,2.1,1.3,9.5,5.6,5.5,2.8,27.3,16.2,28.6,14.9,57.8,66.6,0.38,0.43,0.57,0.38,13.4,1.0,0.0,none,none,Under,Under,1.0,0.0,1.5,0.86,66.0,13.0,2.0,6.0,0.0,57.31,66.59,0.43,0.0,13.41,10.29,0.29,0.57,0.14,45.7,0.17,0.35,0.09,9.82,2.86,7.1,6.0,1.0,2.0,1.0,57.75,64.42,0.25,0.38,13.42,10.25,0.28,0.5,0.13,53.54,0.23,0.47,0.14,100.0,83.0
2026-05-27,824270,Angels @ Tigers,4.0,3.0,9.0,4.6,0,0,1,1,dead,9.0,5.1,2.6,4.6,2.4,2.7,1.2,1.4,5.6,5.6,3.0,3.0,16.2,16.3,15.7,15.8,59.9,74.7,0.5,0.5,0.38,0.38,19.8,0.0,0.0,none,none,Under,Under,0.0,0.0,2.65,1.15,71.1,31.0,6.0,6.03,0.0,57.93,74.74,0.38,0.25,66.68,11.75,0.44,0.38,0.0,55.0,0.5,0.33,0.14,2.27,0.97,47.2,12.0,2.0,5.46,0.13,59.88,60.13,0.5,0.5,19.77,10.63,0.29,0.38,0.0,57.66,0.38,0.3,0.21,100.0,100.0
2026-05-27,822897,Astros @ Rangers,7.0,4.0,7.5,4.1,0,0,1,1,normal,7.5,8.7,4.8,4.1,4.2,4.5,2.3,2.5,8.5,10.0,5.1,5.7,25.0,29.4,27.0,30.3,62.2,80.2,0.5,0.5,0.38,0.13,55.7,0.0,0.0,none,none,Over,Over,0.0,0.0,5.81,1.55,57.1,20.0,12.0,5.63,0.0,55.36,80.23,0.5,0.25,55.66,11.38,0.41,0.38,0.0,39.48,0.23,0.27,0.09,3.88,1.01,55.2,11.0,12.0,5.37,0.1,62.19,75.72,0.38,0.5,61.81,12.63,0.4,0.13,0.0,53.63,0.33,0.28,0.16,85.0,88.0
2026-05-27,824756,Braves @ Red Sox,8.0,6.0,7.0,4.0,1,1,1,1,crooked,7.0,6.1,3.5,4.0,3.5,2.6,1.9,1.6,7.6,5.3,4.4,3.6,22.0,15.3,23.0,18.9,64.0,67.4,0.5,0.5,0.38,0.25,32.3,1.0,0.0,none,none,Pass,Pass,1.0,0.0,2.5,1.08,72.0,22.0,5.0,6.24,0.0,56.32,63.72,0.25,0.25,42.52,11.75,0.41,0.38,0.0,43.91,0.15,0.22,0.12,3.0,1.17,60.0,22.0,9.0,5.4,0.0,64.01,67.35,0.5,0.5,32.27,13.38,0.32,0.25,0.25,57.13,0.33,0.34,0.07,104.0,84.0
2026-05-27,823783,Cardinals @ Brewers,3.0,1.0,8.5,4.8,0,0,1,1,dead,8.5,9.4,5.3,4.8,4.8,4.6,2.7,2.6,9.0,10.2,5.4,6.0,26.1,29.9,28.5,31.6,62.3,78.8,0.14,0.71,0.43,0.43,22.8,0.0,0.0,none,none,Over,Over,0.0,0.0,4.57,1.3,61.0,17.0,5.0,5.4,0.2,62.31,64.92,0.71,0.14,22.77,11.43,0.33,0.43,0.0,46.06,0.25,0.4,0.12,2.6,1.22,45.0,18.0,2.0,4.87,0.4,45.23,78.79,0.38,0.0,54.37,13.13,0.37,0.25,0.0,46.59,0.15,0.27,0.1,94.0,106.0
2026-05-27,823376,Cubs @ Pirates,14.0,8.0,7.5,4.4,1,1,1,1,crooked,7.5,8.4,4.9,4.4,2.9,5.5,1.7,3.2,6.7,10.9,4.0,6.9,19.4,31.8,20.9,36.3,65.9,68.2,0.63,0.5,0.63,0.5,0.0,1.0,0.0,none,none,Pass,Pass,1.0,0.0,5.37,1.28,60.1,20.0,19.0,5.53,0.0,65.87,67.77,0.5,0.63,0.0,10.13,0.17,0.38,0.0,46.35,0.23,0.25,0.2,4.85,1.52,52.0,36.0,7.0,4.7,0.1,55.49,68.23,0.38,0.25,37.91,13.5,0.38,0.63,0.0,53.56,0.46,0.31,0.17,100.0,80.0
2026-05-27,823217,Diamondbacks @ Giants,5.0,2.0,7.5,4.5,0,0,1,1,dead,7.5,7.4,4.4,4.5,3.0,4.4,1.8,2.6,6.1,9.7,4.0,5.9,17.8,28.3,20.9,31.3,66.3,77.2,0.38,0.88,0.25,0.25,56.9,0.0,0.0,none,none,Pass,Pass,0.0,0.0,3.25,1.2,61.0,14.0,4.0,5.5,0.1,45.96,68.11,0.13,0.38,62.01,13.0,0.4,0.25,0.0,45.33,0.23,0.3,0.08,4.34,1.07,29.0,6.0,2.0,5.67,0.25,66.31,77.16,0.88,0.38,56.85,11.63,0.4,0.0,0.0,52.76,0.31,0.36,0.1,94.0,78.0
2026-05-27,825003,Mariners @ Athletics,10.0,5.0,9.5,5.4,1,0,1,1,crooked,9.5,9.8,5.6,5.4,4.8,5.0,2.7,2.9,9.2,10.0,5.5,6.1,26.5,29.2,29.0,31.9,64.6,75.4,0.75,0.63,0.38,0.38,35.8,0.0,0.0,none,none,Pass,Pass,0.0,0.0,3.69,1.11,68.1,16.0,11.0,5.7,0.1,48.11,75.43,0.25,0.13,48.19,11.0,0.38,0.38,0.0,47.77,0.23,0.42,0.11,4.07,1.19,66.1,20.0,12.0,5.6,0.1,64.57,69.5,0.63,0.75,35.82,13.63,0.31,0.25,0.0,38.97,0.21,0.3,0.07,100.0,100.0
2026-05-27,822809,Marlins @ Blue Jays,3.0,2.0,8.5,5.0,0,0,1,1,dead,8.5,6.0,3.5,5.0,2.3,3.7,1.1,2.4,5.2,8.7,2.8,5.6,15.1,25.3,14.6,29.5,60.5,74.1,0.5,0.38,0.75,0.5,7.3,0.0,0.0,none,none,Under,Under,0.0,0.0,4.6,1.26,62.2,28.0,11.0,5.17,0.2,60.51,71.18,0.38,0.5,46.22,9.75,0.35,0.5,0.0,48.29,0.43,0.21,0.1,3.13,1.09,69.0,12.0,6.0,5.8,0.1,54.01,74.07,0.25,0.13,7.3,12.5,0.3,0.75,0.13,48.64,0.23,0.33,0.06,102.0,110.0
2026-05-27,824432,Nationals @ Guardians,5.0,4.0,8.5,4.9,0,0,1,1,normal,8.5,7.6,4.4,4.9,4.6,3.0,2.7,1.7,9.2,6.6,5.6,4.0,26.6,19.4,29.4,21.2,53.1,70.5,0.38,0.25,0.63,0.38,11.4,0.0,0.0,none,none,Under,Under,0.0,0.0,3.28,1.46,24.2,16.0,4.0,1.39,1.0,53.07,70.47,0.13,0.38,56.22,12.38,0.42,0.5,0.0,54.7,0.29,0.37,0.15,3.07,1.09,76.1,24.0,9.0,6.43,0.0,48.13,51.48,0.25,0.38,11.41,9.13,0.26,0.63,0.13,34.27,0.08,0.32,0.07,96.0,94.0
2026-05-27,823295,Phillies @ Padres,3.0,0.0,7.5,4.1,0,0,1,1,dead,7.5,5.7,3.1,4.1,3.3,2.4,2.0,1.1,7.7,5.2,4.9,2.8,22.2,15.3,26.0,14.6,50.4,59.3,0.63,0.13,0.63,0.38,12.9,1.0,0.0,none,none,Under,Under,1.0,0.0,1.47,1.12,79.1,16.0,3.0,6.63,0.0,43.42,59.31,0.13,0.25,29.87,9.25,0.28,0.63,0.0,45.91,0.08,0.37,0.18,4.88,1.32,51.2,18.0,4.0,4.63,0.4,50.38,52.42,0.0,0.63,12.9,9.25,0.26,0.5,0.13,39.38,0.08,0.33,0.05,94.0,108.0
2026-05-27,824836,Rays @ Orioles,13.0,8.0,12.0,6.7,1,1,1,1,crooked,12.0,10.1,5.6,6.7,6.2,3.9,3.4,2.2,12.0,8.2,6.9,5.0,34.6,23.6,35.9,26.4,60.9,82.6,0.38,0.43,0.71,0.29,32.3,1.0,0.0,none,none,Under,Under,1.0,0.0,4.67,1.24,44.1,17.0,7.0,5.17,0.13,58.62,82.59,0.43,0.14,32.33,14.14,0.37,0.71,0.14,48.88,0.27,0.19,0.22,3.65,1.62,12.1,7.0,2.0,4.67,0.0,60.88,75.49,0.25,0.38,35.55,12.25,0.39,0.5,0.13,51.5,0.42,0.33,0.1,106.0,112.0
2026-05-27,823626,Reds @ Mets,6.0,4.0,7.5,3.9,0,1,1,1,normal,7.5,9.1,4.7,3.9,4.1,5.0,2.4,2.3,7.4,9.6,4.8,4.8,21.4,28.0,25.1,25.4,69.8,70.5,0.63,0.63,0.38,0.38,22.5,1.0,0.0,none,none,Over,Over,1.0,0.0,4.01,1.4,60.2,26.0,9.0,5.15,0.09,58.9,70.49,0.29,0.29,66.76,12.71,0.44,0.14,0.0,52.02,0.58,0.36,0.23,1.67,0.96,27.0,11.0,1.0,1.11,1.0,69.79,67.46,0.63,0.63,22.52,8.75,0.26,0.38,0.13,45.74,0.29,0.25,0.1,98.0,102.0
2026-05-27,823947,Rockies @ Dodgers,5.0,4.0,8.0,4.0,0,0,1,0,normal,8.0,6.8,3.4,4.0,2.7,4.1,1.3,2.1,5.4,9.2,2.9,5.1,15.4,26.9,15.2,26.7,67.5,78.6,0.5,0.75,0.38,0.25,6.2,1.0,0.0,none,none,Pass,Pass,1.0,0.0,3.86,1.23,53.2,15.0,9.0,5.37,0.0,67.53,64.54,0.75,0.5,6.24,10.25,0.27,0.38,0.13,53.99,0.21,0.3,0.09,0.73,0.84,49.0,13.0,2.0,6.13,0.0,56.94,78.6,0.38,0.38,39.95,13.88,0.41,0.38,0.0,27.38,0.08,0.24,0.05,104.0,128.0
2026-05-27,824596,Twins @ White Sox,17.0,9.0,7.5,4.1,1,1,1,1,crooked,7.5,7.3,4.0,4.1,2.5,4.8,1.3,2.7,5.5,9.7,3.0,5.8,15.9,28.4,15.9,30.6,67.7,76.6,0.38,0.75,0.38,0.25,23.3,0.0,0.0,none,none,Pass,Pass,0.0,0.0,4.5,1.31,32.0,14.0,4.0,4.83,0.0,54.38,75.5,0.38,0.38,35.87,12.63,0.35,0.38,0.0,37.3,0.15,0.33,0.0,2.45,0.27,3.2,0.0,1.0,3.8,0.0,67.65,76.56,0.75,0.25,23.31,11.0,0.34,0.38,0.13,60.74,0.46,0.44,0.23,96.0,95.0
2026-05-27,824104,Yankees @ Royals,7.0,2.0,7.5,4.5,0,0,1,1,dead,7.5,6.4,3.8,4.5,3.8,2.6,2.2,1.6,9.4,5.2,5.4,3.5,27.2,15.2,28.5,18.2,62.7,77.8,0.5,0.38,0.71,0.29,18.6,1.0,0.0,none,none,Pass,Pass,1.0,0.0,0.0,0.78,9.0,3.0,0.0,4.8,0.0,57.66,77.8,0.29,0.0,35.17,12.29,0.34,0.71,0.14,47.05,0.17,0.35,0.1,4.7,1.37,51.2,16.0,5.0,5.3,0.0,62.71,69.07,0.38,0.5,18.57,9.63,0.29,0.5,0.0,56.9,0.31,0.46,0.19,100.0,83.0
2026-05-28,824272,Angels @ Tigers,8.0,4.0,9.0,5.3,0,0,1,1,normal,9.0,10.1,6.0,5.3,4.5,5.6,2.6,3.4,9.6,11.9,5.8,7.2,27.8,34.6,30.3,38.0,58.5,70.2,0.38,0.38,0.5,0.25,25.7,0.0,0.0,none,none,Over,Over,0.0,0.0,7.53,1.67,14.1,8.0,2.0,4.2,0.5,58.5,70.18,0.38,0.38,57.16,11.88,0.41,0.38,0.0,54.83,0.5,0.32,0.15,5.81,1.61,52.2,30.0,8.0,4.27,0.6,51.63,57.24,0.38,0.38,25.65,11.25,0.3,0.5,0.0,51.33,0.38,0.3,0.2,100.0,100.0
2026-05-28,822896,Astros @ Rangers,6.0,6.0,7.0,4.2,0,1,1,1,crooked,7.0,6.4,3.8,4.2,3.1,3.3,1.9,1.9,6.2,7.8,4.0,4.6,18.1,23.0,21.1,24.5,59.7,73.7,0.38,0.38,0.25,0.13,58.1,0.0,0.0,none,none,Under,Pass,0.0,0.0,1.32,1.2,41.0,25.0,1.0,5.86,0.0,49.9,73.66,0.38,0.38,68.28,11.0,0.43,0.25,0.0,39.93,0.23,0.29,0.13,3.65,1.14,61.2,14.0,11.0,6.17,0.0,59.69,72.84,0.38,0.38,58.14,11.88,0.39,0.13,0.0,53.12,0.25,0.28,0.21,85.0,88.0
2026-05-28,824834,Blue Jays @ Orioles,3.0,2.0,7.0,3.9,0,0,1,1,dead,7.0,10.5,5.9,3.9,5.6,4.9,3.1,2.8,11.8,10.0,6.9,6.0,34.0,29.0,35.8,31.7,56.9,78.5,0.25,0.13,0.88,0.63,3.5,0.0,0.0,none,none,Over,Over,0.0,0.0,3.77,1.39,45.1,13.0,4.0,4.93,0.0,52.16,69.85,0.13,0.13,3.48,11.88,0.29,0.88,0.13,44.3,0.15,0.33,0.06,5.29,1.64,49.1,19.0,4.0,4.63,0.13,56.9,78.45,0.13,0.25,51.72,12.5,0.43,0.5,0.13,51.26,0.42,0.32,0.1,106.0,112.0
2026-05-28,824757,Braves @ Red Sox,12.0,4.0,12.0,6.6,0,0,0,1,normal,12.0,5.1,2.8,6.6,2.5,2.6,1.2,1.6,5.6,5.6,2.9,3.7,16.1,16.3,15.0,19.6,57.2,66.2,0.38,0.38,0.38,0.25,35.0,1.0,0.0,none,none,Under,Under,1.0,0.0,2.01,0.94,67.0,17.0,6.0,6.2,0.0,56.32,63.72,0.25,0.25,34.99,12.13,0.4,0.38,0.0,44.36,0.15,0.21,0.16,2.61,0.9,41.1,11.0,3.0,6.11,0.0,57.22,66.22,0.38,0.38,42.96,14.25,0.36,0.25,0.13,54.86,0.33,0.36,0.08,104.0,84.0
2026-05-28,823378,Cubs @ Pirates,9.0,1.0,7.0,3.8,1,0,1,1,dead,7.0,8.3,4.5,3.8,2.7,5.6,1.4,3.1,6.4,10.6,3.4,6.3,18.5,30.9,17.8,33.2,69.4,74.8,0.75,0.5,0.63,0.5,1.8,1.0,0.0,none,none,Pass,Pass,1.0,0.0,4.75,1.38,55.0,18.0,8.0,5.21,0.13,69.44,74.76,0.5,0.75,1.77,11.75,0.22,0.38,0.0,42.73,0.15,0.23,0.16,2.92,0.79,61.2,9.0,6.0,5.45,0.09,54.38,68.78,0.38,0.25,44.45,12.63,0.39,0.63,0.0,55.15,0.46,0.35,0.19,100.0,80.0
2026-05-28,824595,Twins @ White Sox,8.0,7.0,9.5,5.4,0,1,1,1,crooked,9.5,8.4,4.8,5.4,2.6,5.8,1.4,3.4,6.5,10.7,3.7,6.6,18.8,31.3,19.5,34.9,62.2,84.3,0.5,0.63,0.25,0.25,33.6,0.0,0.0,none,none,Pass,Pass,0.0,0.0,7.74,1.89,47.2,25.0,9.0,4.67,0.56,57.15,73.67,0.38,0.5,33.55,11.5,0.34,0.25,0.0,41.53,0.23,0.33,0.02,2.0,0.99,67.2,14.0,3.0,6.17,0.0,62.17,84.3,0.63,0.13,47.51,13.0,0.42,0.25,0.13,61.28,0.46,0.41,0.24,96.0,95.0
2026-05-29,822978,Angels @ Rays,13.0,3.0,8.0,4.4,1,0,1,1,dead,8.0,7.4,4.1,4.4,3.3,4.1,1.9,2.2,7.2,8.2,4.5,4.6,20.9,23.8,23.5,24.2,62.8,69.1,0.29,0.43,0.71,0.43,0.0,0.0,0.0,none,none,Under,Pass,0.0,0.0,2.58,1.38,38.1,22.0,2.0,5.24,0.14,54.71,69.07,0.25,0.25,63.88,11.5,0.43,0.38,0.0,52.17,0.46,0.31,0.13,1.51,1.11,59.2,12.0,4.0,5.97,0.0,62.84,65.85,0.43,0.29,0.0,12.57,0.26,0.71,0.29,52.47,0.27,0.22,0.25,100.0,100.0
2026-05-29,824835,Blue Jays @ Orioles,11.0,5.0,9.0,5.1,1,0,1,1,crooked,9.0,9.1,5.2,5.1,5.6,3.5,3.2,2.0,11.9,7.7,7.1,4.6,34.1,22.2,37.1,24.1,56.2,78.5,0.25,0.13,0.88,0.63,4.4,0.0,0.0,none,none,Pass,Pass,0.0,0.0,0.0,0.92,4.1,0.0,0.0,0.0,0.0,50.07,66.6,0.13,0.13,4.44,12.13,0.29,0.88,0.13,42.36,0.14,0.32,0.06,6.96,1.62,42.2,17.0,6.0,4.74,0.22,56.15,78.45,0.13,0.25,46.48,13.0,0.41,0.5,0.13,50.7,0.38,0.34,0.09,106.0,112.0
2026-05-29,824515,Braves @ Reds,11.0,7.0,9.0,5.4,1,1,1,1,crooked,9.0,9.6,5.8,5.4,5.5,4.1,3.3,2.5,11.9,7.7,7.2,5.0,34.2,22.4,37.7,26.1,58.7,72.1,0.29,0.29,0.38,0.25,38.3,0.0,0.0,none,none,Over,Pass,0.0,0.0,3.71,1.29,53.1,25.0,9.0,5.23,0.0,53.92,65.09,0.13,0.13,38.28,11.75,0.44,0.38,0.0,44.29,0.15,0.23,0.13,6.91,1.73,41.2,15.0,7.0,4.5,0.13,58.74,72.07,0.29,0.29,44.79,14.14,0.37,0.14,0.0,52.29,0.64,0.36,0.23,106.0,122.0
2026-05-29,824191,Brewers @ Astros,9.0,7.0,8.5,5.0,1,1,1,1,crooked,8.5,7.0,4.1,5.0,3.0,4.0,1.7,2.4,6.2,8.6,3.9,5.3,17.8,25.1,20.4,27.9,47.9,76.5,0.38,0.38,0.38,0.13,45.4,0.0,0.0,none,none,Under,Under,0.0,0.0,2.61,0.77,10.1,1.0,0.0,5.17,0.0,43.88,76.47,0.25,0.0,45.36,11.63,0.34,0.38,0.0,42.83,0.08,0.25,0.07,2.19,1.05,37.0,15.0,3.0,4.25,0.5,47.92,71.82,0.38,0.38,74.31,11.38,0.45,0.13,0.0,37.48,0.15,0.29,0.12,102.0,116.0
2026-05-29,823055,Cubs @ Cardinals,11.0,9.0,7.5,4.4,1,1,1,1,crooked,7.5,7.7,4.5,4.4,3.5,4.2,1.9,2.6,8.1,7.9,4.6,5.2,23.5,23.0,24.1,27.4,67.5,74.8,0.63,0.57,0.57,0.57,0.0,1.0,0.0,none,none,Pass,Pass,1.0,0.0,4.04,1.07,64.2,17.0,10.0,5.88,0.0,67.45,74.82,0.5,0.63,11.7,12.5,0.26,0.38,0.0,42.94,0.15,0.24,0.17,3.76,1.25,55.0,20.0,7.0,5.5,0.0,60.83,62.52,0.57,0.14,0.0,10.86,0.24,0.57,0.0,45.05,0.18,0.36,0.08,100.0,100.0
2026-05-29,823135,Diamondbacks @ Mariners,13.0,6.0,7.0,4.1,1,1,1,1,crooked,7.0,10.0,5.9,4.1,4.0,6.0,2.3,3.6,8.5,11.6,5.2,7.0,24.7,33.7,27.4,36.7,49.7,76.7,0.38,0.25,0.38,0.25,53.4,0.0,0.0,none,none,Over,Over,0.0,0.0,4.8,1.44,54.1,17.0,7.0,4.94,0.18,44.14,64.98,0.0,0.38,60.53,12.5,0.4,0.38,0.0,41.6,0.15,0.26,0.08,3.54,1.21,68.2,16.0,6.0,6.24,0.0,49.7,76.73,0.25,0.13,53.36,11.63,0.39,0.25,0.0,40.61,0.17,0.34,0.13,100.0,100.0
2026-05-29,824353,Giants @ Rockies,14.0,4.0,10.5,6.6,1,0,1,1,normal,10.5,9.1,5.7,6.6,5.7,3.4,3.5,2.2,11.5,7.4,7.4,4.5,33.4,21.4,38.7,23.7,66.5,79.4,0.5,0.75,0.38,0.25,8.6,0.0,0.0,none,none,Pass,Under,0.0,0.0,5.06,1.4,48.0,15.0,4.0,6.14,0.0,64.9,79.41,0.75,0.25,57.21,11.38,0.41,0.13,0.0,58.92,0.33,0.42,0.11,7.21,1.9,53.2,18.0,10.0,4.79,0.18,66.46,69.06,0.63,0.5,8.61,10.25,0.28,0.38,0.13,58.1,0.23,0.33,0.1,100.0,100.0
2026-05-29,823623,Marlins @ Mets,16.0,10.0,7.5,4.3,1,1,1,1,crooked,7.5,5.2,3.0,4.3,2.7,2.5,1.8,1.2,5.9,5.6,4.4,2.8,17.2,16.2,23.0,14.9,63.9,70.5,0.5,0.5,0.63,0.38,18.6,1.0,0.0,none,none,Under,Under,1.0,0.0,2.52,1.05,60.2,22.0,4.0,5.52,0.0,58.09,70.52,0.25,0.38,27.79,10.0,0.3,0.63,0.13,44.72,0.38,0.21,0.1,3.52,1.27,61.1,27.0,8.0,5.58,0.0,63.87,60.06,0.5,0.5,18.63,8.63,0.23,0.38,0.13,48.3,0.31,0.31,0.08,98.0,102.0
2026-05-29,822732,Padres @ Nationals,12.0,9.0,7.5,4.6,1,1,1,1,crooked,7.5,8.1,5.0,4.6,3.0,5.1,1.8,3.2,6.6,10.4,4.3,6.5,19.2,30.2,22.7,34.0,52.1,67.7,0.63,0.13,0.5,0.5,8.1,0.0,0.0,none,none,Pass,Pass,0.0,0.0,2.7,1.3,10.0,8.0,0.0,5.0,0.0,52.1,46.53,0.0,0.63,8.11,9.38,0.24,0.5,0.13,43.02,0.17,0.35,0.07,5.49,1.53,19.2,6.0,2.0,4.6,0.0,50.85,67.7,0.13,0.25,38.37,11.75,0.37,0.5,0.0,52.92,0.23,0.36,0.1,100.0,100.0
2026-05-29,823946,Phillies @ Dodgers,6.0,4.0,8.0,4.9,0,0,1,1,normal,8.0,5.5,3.4,4.9,2.6,2.9,1.7,1.7,5.7,7.1,4.1,4.3,16.3,20.7,21.3,22.7,54.3,79.1,0.38,0.38,0.75,0.13,25.4,1.0,0.0,none,none,Under,Under,1.0,0.0,1.67,0.82,37.2,8.0,1.0,6.28,0.0,42.99,59.58,0.13,0.13,25.39,8.5,0.28,0.75,0.0,45.72,0.08,0.36,0.18,3.07,1.11,55.2,14.0,3.0,6.46,0.0,54.33,79.14,0.38,0.38,53.16,14.0,0.45,0.25,0.0,26.53,0.08,0.21,0.05,104.0,128.0
2026-05-29,824433,Red Sox @ Guardians,7.0,7.0,8.0,4.6,0,1,1,1,crooked,8.0,8.4,4.8,4.6,5.0,3.4,3.1,1.7,10.6,7.3,6.5,4.2,30.6,21.5,34.1,22.3,61.8,70.4,0.38,0.5,0.63,0.25,1.8,0.0,0.0,none,none,Pass,Pass,0.0,0.0,1.04,1.15,17.1,7.0,1.0,0.0,0.0,61.79,70.36,0.5,0.38,38.91,14.25,0.35,0.13,0.0,56.64,0.33,0.44,0.13,5.18,1.48,57.1,20.0,9.0,5.21,0.0,51.05,55.96,0.25,0.25,1.76,9.88,0.23,0.63,0.25,34.98,0.08,0.35,0.07,96.0,94.0
2026-05-29,822894,Royals @ Rangers,10.0,6.0,7.5,4.6,1,1,1,1,crooked,7.5,5.5,3.4,4.6,3.2,2.3,2.1,1.3,7.2,5.7,4.7,3.4,21.0,16.8,24.8,18.1,64.1,73.5,0.5,0.5,0.5,0.25,23.0,0.0,0.0,none,none,Under,Under,0.0,0.0,2.77,0.85,26.0,5.0,3.0,6.5,0.0,63.7,64.22,0.5,0.5,23.04,9.13,0.29,0.5,0.0,56.54,0.42,0.4,0.2,4.42,1.24,55.0,26.0,6.0,5.0,0.18,64.11,73.5,0.5,0.5,47.6,10.25,0.34,0.13,0.0,52.95,0.23,0.3,0.2,85.0,88.0
2026-05-29,824594,Tigers @ White Sox,7.0,3.0,8.5,4.9,0,0,1,1,dead,8.5,7.9,4.6,4.9,4.6,3.3,2.7,1.9,9.5,6.5,5.7,4.1,27.6,18.9,30.2,21.5,59.0,82.8,0.38,0.63,0.5,0.38,19.5,0.0,0.0,none,none,Pass,Pass,0.0,0.0,1.59,0.88,5.2,3.0,0.0,5.67,0.0,58.53,61.65,0.5,0.38,19.53,10.75,0.29,0.5,0.0,49.36,0.38,0.3,0.14,5.47,1.46,49.1,20.0,12.0,4.9,0.14,59.03,82.82,0.63,0.13,61.25,13.5,0.44,0.13,0.13,60.88,0.46,0.4,0.24,96.0,95.0
2026-05-29,823377,Twins @ Pirates,11.0,9.0,8.0,4.4,1,1,1,1,crooked,8.0,8.4,4.6,4.4,3.1,5.3,1.7,2.9,6.6,10.8,3.9,6.1,19.1,31.5,20.6,32.0,60.6,70.6,0.5,0.5,0.63,0.5,35.2,1.0,0.0,none,none,Pass,Pass,1.0,0.0,2.92,1.22,52.1,21.0,5.0,5.78,0.0,58.61,70.6,0.5,0.5,39.56,11.13,0.36,0.13,0.0,41.41,0.23,0.33,0.02,9.0,1.0,1.0,0.0,1.0,0.0,0.0,60.61,70.63,0.5,0.25,35.2,11.88,0.36,0.63,0.0,58.48,0.54,0.36,0.21,100.0,80.0
2026-05-29,825002,Yankees @ Athletics,10.0,8.0,9.5,5.6,1,1,1,1,crooked,9.5,6.8,4.0,5.6,4.1,2.7,2.3,1.7,9.6,5.4,5.8,3.6,27.7,15.7,30.1,19.2,66.9,76.0,0.88,0.63,0.86,0.5,9.2,0.0,0.0,none,none,Under,Under,0.0,0.0,4.15,1.46,13.0,11.0,0.0,4.33,0.33,56.05,76.0,0.14,0.0,37.4,12.29,0.36,0.86,0.14,44.99,0.17,0.33,0.07,4.23,1.44,61.2,31.0,8.0,5.61,0.09,66.86,58.11,0.63,0.88,9.24,12.63,0.21,0.25,0.0,41.05,0.23,0.28,0.1,100.0,100.0
2026-05-30,822975,Angels @ Rays,17.0,9.0,8.0,4.4,1,1,1,1,crooked,8.0,6.9,3.8,4.4,2.5,4.4,1.3,2.5,5.2,9.2,3.0,5.3,15.0,26.8,15.7,27.9,71.6,75.4,0.29,0.57,0.71,0.43,0.7,0.0,0.0,none,none,Pass,Pass,0.0,0.0,4.63,1.18,68.0,22.0,6.0,5.83,0.2,55.47,70.07,0.38,0.13,56.25,11.88,0.42,0.5,0.0,58.22,0.54,0.36,0.16,3.36,1.02,59.0,12.0,8.0,5.5,0.1,71.59,75.36,0.57,0.29,0.72,13.43,0.29,0.71,0.29,57.01,0.36,0.24,0.21,100.0,100.0
2026-05-30,824833,Blue Jays @ Orioles,11.0,3.0,8.0,4.2,1,0,1,1,dead,8.0,7.1,3.7,4.2,4.5,2.6,2.5,1.2,9.8,5.6,5.9,3.0,28.2,16.3,30.5,15.5,53.3,76.0,0.25,0.13,0.75,0.5,13.8,0.0,0.0,none,none,Under,Under,0.0,0.0,2.19,1.16,37.0,17.0,0.0,5.33,0.33,52.45,70.0,0.13,0.25,13.76,12.13,0.33,0.75,0.13,41.03,0.14,0.31,0.07,3.35,1.37,43.0,17.0,5.0,5.19,0.29,53.27,76.04,0.13,0.25,56.4,13.13,0.43,0.38,0.0,55.24,0.46,0.36,0.09,106.0,112.0
2026-05-30,824513,Braves @ Reds,7.0,5.0,8.5,5.2,0,0,1,1,crooked,8.5,9.4,5.7,5.2,5.6,3.8,3.5,2.2,11.9,7.7,7.4,4.7,34.1,22.2,38.4,24.9,68.9,75.0,0.43,0.43,0.38,0.25,34.0,0.0,0.0,none,none,Over,Over,0.0,0.0,2.79,1.06,51.2,18.0,6.0,5.33,0.0,53.66,64.07,0.13,0.13,34.0,12.5,0.4,0.38,0.0,46.17,0.15,0.26,0.11,6.18,1.69,51.0,16.0,16.0,4.6,0.5,68.92,74.98,0.43,0.43,42.19,14.0,0.37,0.0,0.14,55.08,0.64,0.41,0.24,106.0,122.0
2026-05-30,824190,Brewers @ Astros,11.0,8.0,7.5,4.2,1,1,1,1,crooked,7.5,9.4,5.3,4.2,3.4,6.0,1.8,3.5,7.3,11.5,4.1,7.1,21.0,33.5,21.7,37.1,46.4,77.5,0.38,0.38,0.25,0.13,51.6,0.0,0.0,none,none,Over,Over,0.0,0.0,6.24,1.53,49.0,27.0,10.0,4.15,0.67,46.39,77.47,0.38,0.0,51.62,11.13,0.36,0.25,0.0,41.93,0.08,0.27,0.07,3.77,1.21,45.1,21.0,2.0,5.76,0.14,43.29,68.44,0.25,0.38,74.86,12.25,0.45,0.13,0.0,42.33,0.15,0.3,0.11,102.0,116.0
2026-05-30,823054,Cubs @ Cardinals,7.0,2.0,8.5,4.9,0,0,1,1,dead,8.5,7.8,4.5,4.9,4.2,3.6,2.4,2.1,9.5,6.6,5.6,4.2,27.5,19.2,29.2,22.3,65.9,79.5,0.63,0.57,0.43,0.43,19.8,1.0,1.0,none,none,Pass,Pass,1.0,1.0,1.92,0.93,51.2,15.0,1.0,4.75,0.0,65.93,79.53,0.5,0.63,20.71,13.63,0.28,0.38,0.0,46.44,0.15,0.21,0.12,4.25,1.56,55.0,22.0,8.0,5.07,0.0,58.96,68.52,0.57,0.29,19.75,11.29,0.3,0.43,0.0,41.26,0.18,0.35,0.08,100.0,100.0
2026-05-30,823132,Diamondbacks @ Mariners,6.0,4.0,7.0,3.9,0,1,1,1,normal,7.0,10.1,5.6,3.9,4.1,6.0,2.2,3.4,8.4,11.9,4.9,7.0,24.1,34.8,25.6,36.9,52.4,71.8,0.38,0.38,0.38,0.25,48.9,0.0,0.0,none,none,Over,Over,0.0,0.0,4.65,1.18,60.0,19.0,11.0,5.45,0.09,45.68,66.06,0.0,0.38,48.87,13.5,0.37,0.38,0.0,41.09,0.15,0.23,0.09,3.82,1.04,63.2,14.0,6.0,5.79,0.09,52.42,71.82,0.38,0.13,65.28,12.63,0.42,0.13,0.0,39.86,0.25,0.37,0.11,100.0,100.0
2026-05-30,824352,Giants @ Rockies,11.0,5.0,10.5,6.1,1,0,1,1,crooked,10.5,11.9,6.9,6.1,5.8,6.1,3.4,3.5,11.6,11.6,7.0,7.0,33.5,33.8,36.6,36.8,69.0,75.1,0.5,0.75,0.38,0.25,11.3,1.0,0.0,none,none,Over,Pass,1.0,0.0,5.34,1.51,55.2,21.0,8.0,5.27,0.0,63.18,72.81,0.75,0.25,56.82,12.0,0.42,0.13,0.0,62.46,0.42,0.42,0.16,5.48,1.39,23.0,8.0,5.0,4.0,0.4,69.03,75.1,0.5,0.5,11.29,11.25,0.3,0.38,0.13,57.92,0.31,0.3,0.09,100.0,100.0
2026-05-30,823622,Marlins @ Mets,7.0,4.0,7.5,4.1,0,0,1,1,normal,7.5,6.1,3.3,4.1,3.4,2.7,2.0,1.3,7.6,5.3,4.7,2.8,22.1,15.3,24.7,14.7,63.3,68.6,0.38,0.38,0.63,0.38,30.0,1.0,0.0,none,none,Pass,Pass,1.0,0.0,1.63,1.27,38.2,19.0,1.0,3.67,1.0,56.94,67.08,0.25,0.38,31.38,11.25,0.33,0.63,0.13,55.2,0.46,0.19,0.12,2.97,1.38,30.1,16.0,1.0,4.22,0.67,63.34,68.62,0.38,0.38,30.0,9.13,0.29,0.38,0.13,49.35,0.38,0.31,0.07,98.0,102.0
2026-05-30,822731,Padres @ Nationals,13.0,4.0,9.0,5.3,1,0,1,1,normal,9.0,6.3,3.7,5.3,3.1,3.2,1.6,2.1,7.7,6.1,3.9,4.5,22.1,17.9,20.5,23.6,53.7,64.1,0.63,0.13,0.5,0.5,3.9,0.0,0.0,none,none,Under,Under,0.0,0.0,3.04,1.13,68.0,29.0,6.0,5.7,0.1,53.7,47.89,0.0,0.63,3.94,10.13,0.26,0.5,0.13,44.43,0.17,0.36,0.07,3.76,1.15,67.0,21.0,13.0,5.7,0.1,50.66,64.09,0.13,0.25,28.73,12.25,0.33,0.5,0.0,55.99,0.31,0.33,0.13,100.0,100.0
2026-05-30,823945,Phillies @ Dodgers,7.0,3.0,8.5,5.3,0,0,1,1,dead,8.5,7.4,4.6,5.3,3.2,4.2,2.1,2.5,6.9,9.8,4.8,5.8,20.0,28.4,24.9,30.7,52.4,78.5,0.25,0.38,0.63,0.13,28.3,1.0,0.0,none,none,Pass,Pass,1.0,0.0,4.38,1.28,61.2,17.0,5.0,5.61,0.09,45.01,55.81,0.13,0.25,28.27,8.5,0.29,0.63,0.0,44.17,0.08,0.34,0.17,4.93,1.42,45.2,18.0,9.0,5.07,0.0,52.4,78.46,0.38,0.25,57.27,13.88,0.44,0.25,0.0,26.3,0.08,0.2,0.06,104.0,128.0
2026-05-30,824431,Red Sox @ Guardians,10.0,2.0,7.5,4.1,1,0,1,1,dead,7.5,4.8,2.6,4.1,2.5,2.3,1.2,1.4,5.6,5.6,2.9,3.6,16.2,16.4,15.3,19.0,68.9,73.8,0.5,0.63,0.5,0.25,13.3,0.0,0.0,none,none,Under,Under,0.0,0.0,3.06,1.2,50.0,14.0,4.0,4.89,0.44,68.93,73.78,0.63,0.5,33.82,13.38,0.34,0.0,0.13,56.58,0.33,0.47,0.14,2.21,1.07,69.1,21.0,6.0,5.83,0.0,53.59,61.89,0.38,0.25,13.25,9.63,0.25,0.5,0.25,30.22,0.0,0.29,0.05,96.0,94.0
2026-05-30,822893,Royals @ Rangers,13.0,3.0,7.5,4.5,1,0,1,1,dead,7.5,6.1,3.7,4.5,2.7,3.4,1.7,2.0,5.8,8.3,3.9,4.9,17.0,24.5,20.7,26.0,65.0,75.4,0.5,0.5,0.38,0.25,20.7,0.0,0.0,none,none,Under,Under,0.0,0.0,3.55,1.35,71.0,23.0,4.0,5.87,0.1,64.95,64.22,0.5,0.5,20.72,9.25,0.28,0.38,0.0,56.36,0.5,0.31,0.28,3.54,1.32,56.0,25.0,5.0,4.7,0.33,64.6,75.39,0.5,0.5,62.36,10.13,0.4,0.13,0.0,47.84,0.23,0.34,0.19,85.0,88.0
2026-05-30,824593,Tigers @ White Sox,8.0,3.0,7.5,4.2,1,0,1,1,dead,7.5,9.6,5.4,4.2,4.7,4.9,2.7,2.7,9.3,10.2,5.6,5.9,26.9,29.9,29.4,31.3,56.7,83.5,0.38,0.5,0.5,0.25,27.3,0.0,0.0,none,none,Over,Over,0.0,0.0,4.39,1.32,67.2,25.0,7.0,5.5,0.2,55.98,62.41,0.5,0.38,27.29,10.75,0.3,0.5,0.0,53.76,0.46,0.34,0.17,3.77,1.4,57.1,24.0,8.0,5.04,0.33,56.7,83.45,0.5,0.25,61.66,13.0,0.46,0.25,0.13,57.8,0.38,0.39,0.27,96.0,95.0
2026-05-30,823375,Twins @ Pirates,19.0,15.0,7.5,4.1,1,1,1,1,crooked,7.5,7.9,4.3,4.1,2.8,5.1,1.6,2.7,6.2,10.4,3.7,6.0,17.9,30.3,19.2,31.9,63.2,73.7,0.63,0.63,0.5,0.5,37.8,0.0,1.0,none,none,Pass,Pass,1.0,1.0,4.59,1.22,66.2,18.0,12.0,5.8,0.1,61.79,67.48,0.63,0.63,46.02,11.13,0.37,0.13,0.0,41.99,0.23,0.32,0.04,4.35,1.17,68.1,20.0,4.0,5.83,0.1,63.17,73.72,0.5,0.38,37.8,11.88,0.36,0.5,0.0,51.74,0.46,0.29,0.2,100.0,80.0
2026-05-30,825000,Yankees @ Athletics,10.0,3.0,9.5,5.1,1,0,1,1,dead,9.5,7.1,3.8,5.1,3.8,3.3,1.9,1.9,9.3,6.4,4.9,4.1,27.0,18.5,25.8,21.4,67.9,74.0,0.88,0.63,0.71,0.63,0.4,1.0,0.0,none,none,Under,Under,1.0,0.0,3.14,1.12,57.1,16.0,8.0,5.73,0.1,53.82,74.03,0.14,0.0,48.82,13.57,0.4,0.71,0.14,43.42,0.17,0.27,0.07,3.19,1.14,53.2,23.0,6.0,5.19,0.22,67.89,56.31,0.63,0.88,0.38,12.13,0.18,0.25,0.0,41.71,0.23,0.28,0.14,100.0,100.0
2026-05-31,822976,Angels @ Rays,7.0,4.0,8.5,4.7,0,0,1,1,normal,8.5,8.5,4.7,4.7,3.0,5.5,1.5,3.2,6.6,10.8,3.6,6.5,19.1,31.5,19.0,34.0,77.9,74.2,0.43,0.71,0.57,0.43,0.0,0.0,0.0,none,none,Pass,Pass,0.0,0.0,5.23,1.48,63.2,35.0,6.0,5.58,0.0,54.29,74.2,0.38,0.13,68.9,13.5,0.48,0.38,0.0,53.58,0.46,0.32,0.14,2.45,1.02,55.0,19.0,2.0,5.0,0.0,77.85,73.05,0.71,0.43,0.0,14.0,0.26,0.57,0.29,51.69,0.36,0.21,0.26,100.0,100.0
2026-05-31,824832,Blue Jays @ Orioles,14.0,6.0,10.0,5.5,1,1,1,1,crooked,10.0,8.3,4.6,5.5,5.0,3.3,2.9,1.7,10.9,6.8,6.4,3.9,31.4,19.7,33.3,20.6,57.4,78.5,0.25,0.25,0.88,0.5,7.3,0.0,0.0,none,none,Under,Under,0.0,0.0,3.47,1.16,36.1,12.0,3.0,3.0,1.0,57.39,67.85,0.25,0.25,7.34,12.38,0.31,0.88,0.13,46.67,0.21,0.35,0.06,3.44,1.42,65.1,33.0,7.0,5.3,0.0,52.9,78.45,0.13,0.13,48.01,13.38,0.41,0.5,0.0,52.56,0.46,0.33,0.04,106.0,112.0
2026-05-31,824512,Braves @ Reds,10.0,6.0,8.5,4.9,1,1,1,1,crooked,8.5,9.0,5.2,4.9,5.3,3.7,2.8,2.4,11.4,7.2,6.5,4.7,32.6,20.8,33.8,24.8,66.3,74.6,0.57,0.29,0.38,0.29,28.4,0.0,0.0,none,none,Over,Pass,0.0,0.0,3.77,1.26,31.0,17.0,6.0,5.2,0.2,53.65,62.11,0.13,0.25,28.44,12.0,0.38,0.38,0.0,43.15,0.15,0.27,0.1,5.2,1.37,27.2,13.0,7.0,5.25,0.0,66.25,74.59,0.29,0.57,31.05,12.86,0.32,0.0,0.14,45.4,0.55,0.34,0.26,106.0,122.0
2026-05-31,824187,Brewers @ Astros,2.0,2.0,7.5,4.2,0,0,1,1,dead,7.5,7.3,4.1,4.2,4.8,2.5,2.7,1.4,9.9,5.7,6.1,3.1,28.4,16.5,31.7,16.6,53.6,76.2,0.38,0.5,0.25,0.25,42.0,0.0,0.0,none,none,Pass,Pass,0.0,0.0,1.65,0.79,71.0,19.0,4.0,5.82,0.0,53.57,76.23,0.5,0.13,41.97,10.75,0.34,0.25,0.0,46.71,0.17,0.32,0.1,5.52,1.36,29.1,20.0,5.0,3.89,0.33,45.09,70.55,0.25,0.38,83.64,12.63,0.49,0.13,0.0,42.75,0.15,0.29,0.12,102.0,116.0
2026-05-31,823053,Cubs @ Cardinals,6.0,5.0,8.5,4.5,0,1,1,1,crooked,8.5,9.4,5.0,4.5,3.8,5.6,1.9,3.1,8.2,10.2,4.5,6.0,23.6,29.8,23.8,31.4,63.3,75.1,0.63,0.57,0.5,0.29,21.6,1.0,1.0,none,none,Pass,Pass,1.0,1.0,15.63,2.21,6.1,1.0,1.0,4.33,0.0,63.27,75.08,0.5,0.63,26.84,14.38,0.3,0.5,0.0,47.72,0.15,0.26,0.12,4.35,1.5,62.0,23.0,10.0,5.15,0.09,61.49,72.78,0.57,0.29,21.61,10.86,0.3,0.43,0.0,49.52,0.27,0.39,0.08,100.0,100.0
2026-05-31,823133,Diamondbacks @ Mariners,5.0,1.0,7.5,4.4,0,0,1,1,dead,7.5,9.1,5.3,4.4,3.1,6.0,1.8,3.5,7.2,11.1,4.2,6.9,20.8,32.4,22.0,36.3,51.6,70.4,0.5,0.38,0.25,0.13,56.9,0.0,0.0,none,none,Over,Over,0.0,0.0,5.06,1.46,53.1,22.0,10.0,6.0,0.0,48.55,70.37,0.0,0.5,56.93,12.38,0.39,0.25,0.0,41.47,0.15,0.24,0.1,1.71,0.86,21.0,3.0,2.0,5.5,0.0,51.57,68.52,0.38,0.13,75.61,12.25,0.43,0.13,0.0,40.94,0.25,0.4,0.11,100.0,100.0
2026-05-31,824354,Giants @ Rockies,25.0,16.0,11.0,6.4,1,1,1,1,crooked,11.0,11.1,6.5,6.4,5.8,5.3,3.4,3.1,11.9,10.3,7.1,6.1,34.3,30.2,37.3,31.9,69.4,75.0,0.5,0.75,0.25,0.13,24.9,1.0,0.0,none,none,Pass,Pass,1.0,0.0,4.45,1.4,62.2,31.0,13.0,5.33,0.0,69.24,74.98,0.75,0.25,52.1,12.0,0.42,0.13,0.13,63.14,0.42,0.42,0.16,6.37,1.56,35.1,8.0,6.0,5.0,0.0,69.36,74.47,0.5,0.5,24.87,12.5,0.34,0.25,0.13,63.35,0.38,0.36,0.12,100.0,100.0
2026-05-31,823621,Marlins @ Mets,11.0,6.0,7.5,3.9,1,1,1,1,crooked,7.5,5.0,2.6,3.9,2.4,2.6,1.3,1.3,5.6,5.6,3.3,3.0,16.2,16.3,17.4,15.8,63.1,73.4,0.38,0.38,0.63,0.38,20.7,1.0,0.0,none,none,Under,Under,1.0,0.0,2.52,0.72,25.0,8.0,3.0,5.2,0.0,61.83,73.38,0.38,0.25,20.69,11.38,0.31,0.63,0.13,55.46,0.46,0.2,0.15,4.21,1.12,66.1,24.0,8.0,5.58,0.09,63.09,68.6,0.38,0.38,38.69,9.38,0.33,0.25,0.13,49.4,0.38,0.31,0.07,98.0,102.0
2026-05-31,822729,Padres @ Nationals,6.0,3.0,7.5,4.4,0,0,1,1,dead,7.5,10.2,6.0,4.4,4.2,6.0,2.3,3.7,9.2,11.8,5.4,7.2,26.5,34.5,28.0,38.1,53.9,65.0,0.5,0.13,0.38,0.38,12.5,0.0,0.0,none,none,Over,Over,0.0,0.0,7.16,1.55,27.2,15.0,6.0,4.53,0.2,53.88,49.53,0.13,0.5,12.49,11.13,0.28,0.38,0.13,51.07,0.25,0.38,0.08,5.01,1.37,59.1,19.0,15.0,4.81,0.14,47.64,64.96,0.13,0.13,43.44,12.5,0.4,0.38,0.0,53.5,0.23,0.28,0.13,100.0,100.0
2026-05-31,823944,Phillies @ Dodgers,10.0,6.0,9.0,5.3,1,1,1,1,crooked,9.0,7.2,4.2,5.3,2.4,4.8,1.4,2.8,6.0,10.2,3.5,6.4,17.3,29.7,18.2,33.7,59.4,80.5,0.25,0.5,0.75,0.13,29.4,1.0,0.0,none,none,Pass,Under,1.0,0.0,5.74,1.52,53.1,17.0,9.0,5.0,0.11,38.75,54.81,0.0,0.13,29.4,8.38,0.3,0.75,0.0,42.82,0.08,0.3,0.15,2.86,1.0,69.1,15.0,9.0,6.4,0.0,59.42,80.45,0.5,0.25,54.37,13.25,0.45,0.25,0.13,30.14,0.17,0.19,0.08,104.0,128.0
2026-05-31,824430,Red Sox @ Guardians,13.0,7.0,8.5,4.7,1,1,1,1,crooked,8.5,7.4,4.1,4.7,4.9,2.5,2.8,1.3,10.2,6.0,6.1,3.2,29.4,17.4,32.1,16.9,73.0,79.7,0.5,0.63,0.5,0.38,3.1,0.0,0.0,none,none,Pass,Pass,0.0,0.0,3.38,1.16,58.2,19.0,4.0,5.37,0.0,72.97,79.69,0.63,0.5,29.78,13.88,0.37,0.13,0.13,54.47,0.33,0.47,0.13,4.57,1.3,69.0,22.0,13.0,5.25,0.08,60.24,65.36,0.5,0.25,3.09,10.0,0.21,0.5,0.25,34.24,0.08,0.38,0.07,96.0,94.0
2026-05-31,822895,Royals @ Rangers,9.0,6.0,7.5,4.0,1,1,1,1,crooked,7.5,6.2,3.3,4.0,3.6,2.6,1.9,1.4,7.5,6.1,4.3,3.6,22.0,18.0,22.6,19.3,69.8,75.4,0.38,0.63,0.5,0.25,18.4,0.0,0.0,none,none,Pass,Pass,0.0,0.0,3.23,1.12,75.1,26.0,8.0,6.39,0.0,69.84,68.62,0.63,0.38,18.43,9.88,0.3,0.5,0.0,57.89,0.58,0.31,0.29,4.34,1.33,66.1,28.0,9.0,5.52,0.09,62.86,75.43,0.5,0.38,62.3,10.25,0.4,0.25,0.0,52.87,0.31,0.4,0.2,85.0,88.0
2026-05-31,824592,Tigers @ White Sox,3.0,1.0,8.0,4.4,0,0,1,1,dead,8.0,8.3,4.6,4.4,3.6,4.7,2.1,2.5,7.5,10.1,4.7,5.7,21.8,29.5,24.8,30.1,59.2,77.9,0.38,0.63,0.5,0.25,33.0,0.0,0.0,none,none,Pass,Pass,0.0,0.0,3.69,1.0,61.0,15.0,7.0,5.5,0.0,59.24,63.41,0.63,0.38,32.95,10.63,0.31,0.5,0.0,56.03,0.54,0.34,0.18,3.72,1.13,65.1,18.0,5.0,5.19,0.0,51.75,77.9,0.38,0.25,59.89,12.63,0.46,0.38,0.13,54.92,0.31,0.38,0.24,96.0,95.0
2026-05-31,823373,Twins @ Pirates,12.0,9.0,7.5,4.1,1,1,1,1,crooked,7.5,7.4,4.0,4.1,2.5,4.9,1.3,2.7,5.7,9.9,3.1,6.0,16.5,28.9,16.0,31.5,62.3,78.6,0.63,0.63,0.5,0.38,48.3,0.0,1.0,none,none,Pass,Pass,1.0,1.0,4.63,1.03,23.1,4.0,5.0,6.33,0.0,62.25,69.23,0.63,0.63,48.34,11.0,0.39,0.13,0.0,42.98,0.23,0.3,0.04,2.77,1.03,74.2,17.0,7.0,6.24,0.0,62.18,78.56,0.5,0.38,51.47,13.38,0.39,0.5,0.0,50.79,0.46,0.27,0.2,100.0,80.0
2026-05-31,825001,Yankees @ Athletics,21.0,16.0,10.0,5.7,1,1,1,1,crooked,10.0,9.1,5.2,5.7,4.8,4.3,2.6,2.6,11.7,8.4,6.6,5.5,33.9,24.4,34.3,29.2,70.2,79.1,0.75,0.75,0.71,0.63,7.9,1.0,0.0,none,none,Pass,Pass,1.0,0.0,3.22,1.2,64.1,19.0,7.0,5.3,0.09,57.7,79.05,0.14,0.14,50.9,14.86,0.4,0.71,0.14,43.2,0.25,0.24,0.08,6.75,1.84,50.2,33.0,11.0,4.78,0.11,70.16,60.22,0.75,0.75,7.87,11.75,0.21,0.25,0.0,45.58,0.31,0.29,0.13,100.0,100.0
