bucket,reason,market_snapshot_id,match_id,id_prefix,player_id,source_name,market_type,selection,line_value,odds_american,price_cents,implied_probability,captured_at
needs_review,market_snapshot_missing_match_or_player_identity,5bdaa0d85864046612a53c375ae83e3a0d37ef0f,dk-atp-challenger-centurion-2-philip-henning-vs-alexander-donski-2026-06-07,dk,,draftkings,first_set_total_games,Under,9.5,-150,,0.6,2026-06-07T07:05:44.067Z
needs_review,market_snapshot_missing_match_or_player_identity,95beb67381c754e99e8187412362cc2774700cba,dk-atp-challenger-centurion-2-philip-henning-vs-alexander-donski-2026-06-07,dk,,draftkings,first_set_total_games,Over,9.5,110,,0.47619047619047616,2026-06-07T07:05:44.067Z
needs_review,market_snapshot_missing_match_or_player_identity,90604fc135deed32a581d98cb2dbe3901d3573ee,dk-atp-challenger-heilbronn-luka-mikrut-vs-emilio-nava-2026-06-07,dk,,draftkings,first_set_total_games,Under,9.5,105,,0.4878048780487805,2026-06-07T07:05:44.067Z
needs_review,market_snapshot_missing_match_or_player_identity,cce726a929f532aa3c9084d166aa63a2ba1fde77,dk-atp-challenger-heilbronn-luka-mikrut-vs-emilio-nava-2026-06-07,dk,,draftkings,first_set_total_games,Over,9.5,-150,,0.6,2026-06-07T07:05:44.067Z
needs_review,market_snapshot_missing_match_or_player_identity,c0d01e11c208546a3a97bc0a47b1dcc041680e95,dk-atp-challenger-perugia-henrique-rocha-vs-daniel-merida-aguilar-2026-06-07,dk,,draftkings,first_set_total_games,Under,9.5,-125,,0.5555555555555556,2026-06-07T07:05:44.067Z
needs_review,market_snapshot_missing_match_or_player_identity,e9930e7cb5c27945c3bfa5d010653a976eef2d8f,dk-atp-challenger-perugia-henrique-rocha-vs-daniel-merida-aguilar-2026-06-07,dk,,draftkings,first_set_total_games,Over,9.5,-115,,0.5348837209302325,2026-06-07T07:05:44.067Z
needs_review,market_snapshot_missing_match_or_player_identity,92828e8924a4ef7d23d7f82168f0b52ca6e522b3,dk-atp-challenger-prostejov-sebastian-baez-vs-alex-molcan-2026-06-07,dk,,draftkings,first_set_total_games,Over,9.5,-110,,0.5238095238095238,2026-06-07T07:05:44.067Z
needs_review,market_snapshot_missing_match_or_player_identity,a37e1274ecf1fca71b977410a5bf34d8e6a14131,dk-atp-challenger-prostejov-sebastian-baez-vs-alex-molcan-2026-06-07,dk,,draftkings,first_set_total_games,Under,9.5,-130,,0.5652173913043478,2026-06-07T07:05:44.067Z
needs_review,market_snapshot_missing_match_or_player_identity,261cd7e7077224d3638d34a4bc42bf033e833601,dk-atp-challenger-san-miguel-de-tucuman-karim-bennani-vs-santiago-rodriguez-taverna-2026-06-08,dk,,draftkings,first_set_total_games,Over,9.5,-115,,0.5348837209302325,2026-06-08T07:31:18.345Z
needs_review,market_snapshot_missing_match_or_player_identity,342eb9882285eda40d0c7f90e512ee17e6a8f315,dk-atp-challenger-san-miguel-de-tucuman-karim-bennani-vs-santiago-rodriguez-taverna-2026-06-08,dk,,draftkings,first_set_total_games,Under,9.5,-130,,0.5652173913043478,2026-06-08T07:31:18.345Z
needs_review,market_snapshot_missing_match_or_player_identity,23a1b6f03ab10e3c1dea8aacd7a2a3603595b65b,dk-atp-challenger-tyler-adam-walton-vs-andre-ilagan-2026-06-07,dk,,draftkings,first_set_total_games,Under,9.5,-130,,0.5652173913043478,2026-06-07T07:05:44.067Z
needs_review,market_snapshot_missing_match_or_player_identity,7ead615ddca184fb78df651fa00475e69fb87b7f,dk-atp-challenger-tyler-adam-walton-vs-andre-ilagan-2026-06-07,dk,,draftkings,first_set_total_games,Over,9.5,-105,,0.5121951219512195,2026-06-07T07:05:44.067Z
needs_review,market_snapshot_missing_match_or_player_identity,39928788ef802dec2bb7f0eba022884561cb8b73,dk-atp-french-open-m-flavio-cobolli-vs-alexander-zverev-2026-06-07,dk,,draftkings,first_set_total_games,Over,9.5,-165,,0.6226415094339622,2026-06-07T07:05:44.067Z
needs_review,market_snapshot_missing_match_or_player_identity,5c5e423e34216b22690dd4a3d46c3ca5ca20fffe,dk-atp-french-open-m-flavio-cobolli-vs-alexander-zverev-2026-06-07,dk,,draftkings,first_game_props,First 4 Game Props: All Holds of Serve,,105,,0.4878048780487805,2026-06-07T07:05:44.067Z
needs_review,market_snapshot_missing_match_or_player_identity,6afa7d382cc500879430d5887708aeb11ac7999b,dk-atp-french-open-m-flavio-cobolli-vs-alexander-zverev-2026-06-07,dk,,draftkings,match_total_games,Over,36.5,-120,,0.5454545454545454,2026-06-07T07:05:44.067Z
needs_review,market_snapshot_missing_match_or_player_identity,7e38427973f80bbbf254b83e5fc9fb1a1a4c4935,dk-atp-french-open-m-flavio-cobolli-vs-alexander-zverev-2026-06-07,dk,,draftkings,first_game_props,First 4 Game Props: Break Point in Every Game,,3000,,0.03225806451612903,2026-06-07T07:05:44.067Z
needs_review,market_snapshot_missing_match_or_player_identity,82dcf75f47218d0dc067d4c61ff3dcd1cf8cd6c4,dk-atp-french-open-m-flavio-cobolli-vs-alexander-zverev-2026-06-07,dk,,draftkings,first_game_props,First 2 Game Props: All Breaks of Serve,,1600,,0.058823529411764705,2026-06-07T07:05:44.067Z
needs_review,market_snapshot_missing_match_or_player_identity,8d90a9e6890b779e269592a73c5562d7f1d327e9,dk-atp-french-open-m-flavio-cobolli-vs-alexander-zverev-2026-06-07,dk,,draftkings,first_game_props,First 2 Game Props: Break Point in Every Game,,450,,0.18181818181818182,2026-06-07T07:05:44.067Z
needs_review,market_snapshot_missing_match_or_player_identity,a1bb3fa326b273ea5afe5d81feff95057c5858c0,dk-atp-french-open-m-flavio-cobolli-vs-alexander-zverev-2026-06-07,dk,,draftkings,first_game_props,First 4 Game Props: All Breaks of Serve,,10000,,0.009900990099009901,2026-06-07T07:05:44.067Z
needs_review,market_snapshot_missing_match_or_player_identity,a405befd778dd5d9b8266d2053677aa35781ba84,dk-atp-french-open-m-flavio-cobolli-vs-alexander-zverev-2026-06-07,dk,,draftkings,first_set_total_games,Under,9.5,110,,0.47619047619047616,2026-06-07T07:05:44.067Z
needs_review,market_snapshot_missing_match_or_player_identity,b798139735554bfe6420bf461385a5e7777f1064,dk-atp-french-open-m-flavio-cobolli-vs-alexander-zverev-2026-06-07,dk,,draftkings,first_game_props,First 2 Game Props: All Holds of Serve,,-200,,0.6666666666666666,2026-06-07T07:05:44.067Z
needs_review,market_snapshot_missing_match_or_player_identity,bc8317a83e604e41cdefea47a2300d98bd8651fb,dk-atp-french-open-m-flavio-cobolli-vs-alexander-zverev-2026-06-07,dk,,draftkings,match_total_games,Under,36.5,-120,,0.5454545454545454,2026-06-07T07:05:44.067Z
needs_review,market_snapshot_missing_match_or_player_identity,7272baa8f1dd377838e7c33a90431873ab95ef1f,dk-wta-wta-birmingham-alexandra-eala-vs-nikola-bartunkova-2026-06-07,dk,,draftkings,first_set_total_games,Over,9.5,-105,,0.5121951219512195,2026-06-07T07:05:44.067Z
needs_review,market_snapshot_missing_match_or_player_identity,b433159d366cef671c5e63f6ef8cc3b393e92f42,dk-wta-wta-birmingham-alexandra-eala-vs-nikola-bartunkova-2026-06-07,dk,,draftkings,first_set_total_games,Under,9.5,-135,,0.574468085106383,2026-06-07T07:05:44.067Z
needs_review,market_snapshot_missing_match_or_player_identity,473e1b101e36dc3c0e644566b526afd54ad30153,dk-wta-wta-foggia-leyre-romero-gormaz-vs-tyra-caterina-grant-2026-06-07,dk,,draftkings,first_set_total_games,Under,9.5,-175,,0.6363636363636364,2026-06-07T07:05:44.067Z
needs_review,market_snapshot_missing_match_or_player_identity,5163e1db10e4f723a212082872cb51dfc415fadf,dk-wta-wta-foggia-leyre-romero-gormaz-vs-tyra-caterina-grant-2026-06-07,dk,,draftkings,first_set_total_games,Over,9.5,120,,0.45454545454545453,2026-06-07T07:05:44.067Z
needs_review,market_snapshot_missing_match_or_player_identity,8d35549d921e050c61a17a61d74c00fb47bbe3b8,dk-wta-wta-makarska-darja-semenistaja-vs-maria-timofeeva-2026-06-07,dk,,draftkings,first_set_total_games,Over,9.5,120,,0.45454545454545453,2026-06-07T07:05:44.067Z
needs_review,market_snapshot_missing_match_or_player_identity,cce54e0b42fc5101b34aace1ddedeec8646649c9,dk-wta-wta-makarska-darja-semenistaja-vs-maria-timofeeva-2026-06-07,dk,,draftkings,first_set_total_games,Under,9.5,-175,,0.6363636363636364,2026-06-07T07:05:44.067Z
needs_review,market_snapshot_missing_match_or_player_identity,5c123f50fd9184141367559a633c0abd84770c32,dk-wta-wta-quals-hertogenbosch-ella-seidel-vs-greet-minnen-2026-06-07,dk,,draftkings,match_total_games,Over,20.5,-130,,0.5652173913043478,2026-06-07T07:05:44.067Z
needs_review,market_snapshot_missing_match_or_player_identity,66a4417bb7041dcde970008a1277a2b978271924,dk-wta-wta-quals-hertogenbosch-ella-seidel-vs-greet-minnen-2026-06-07,dk,,draftkings,match_total_games,Under,20.5,-110,,0.5238095238095238,2026-06-07T07:05:44.067Z
needs_review,market_snapshot_missing_match_or_player_identity,8eff2114ffd6531978af638c667223934066ec7a,dk-wta-wta-quals-hertogenbosch-ella-seidel-vs-greet-minnen-2026-06-07,dk,,draftkings,first_set_total_games,Under,9.5,-140,,0.5833333333333334,2026-06-07T07:05:44.067Z
needs_review,market_snapshot_missing_match_or_player_identity,9731eb3ee50a3b4f14870b5fef301ca9d8a7e2b1,dk-wta-wta-quals-hertogenbosch-ella-seidel-vs-greet-minnen-2026-06-07,dk,,draftkings,first_set_total_games,Over,9.5,-105,,0.5121951219512195,2026-06-07T07:05:44.067Z
needs_review,market_snapshot_missing_match_or_player_identity,72043fbf6d5489b39116b0c12532196fc3f0a7e0,dk-wta-wta-quals-hertogenbosch-hanne-vandewinkel-vs-anouk-koevermans-2026-06-07,dk,,draftkings,first_set_total_games,Under,9.5,-150,,0.6,2026-06-07T07:05:44.067Z
needs_review,market_snapshot_missing_match_or_player_identity,7a51132592fbdac8b6a89c64c6568892315bf14f,dk-wta-wta-quals-hertogenbosch-hanne-vandewinkel-vs-anouk-koevermans-2026-06-07,dk,,draftkings,match_total_games,Under,20.5,-125,,0.5555555555555556,2026-06-07T07:05:44.067Z
needs_review,market_snapshot_missing_match_or_player_identity,c60fed61ced1334b350d8c7232d571b7e2bbad97,dk-wta-wta-quals-hertogenbosch-hanne-vandewinkel-vs-anouk-koevermans-2026-06-07,dk,,draftkings,first_set_total_games,Over,9.5,105,,0.4878048780487805,2026-06-07T07:05:44.067Z
needs_review,market_snapshot_missing_match_or_player_identity,d537bf0d01a1228a2c454f7609a8a07aff5c38a2,dk-wta-wta-quals-hertogenbosch-hanne-vandewinkel-vs-anouk-koevermans-2026-06-07,dk,,draftkings,match_total_games,Over,20.5,-120,,0.5454545454545454,2026-06-07T07:05:44.067Z
needs_review,market_snapshot_missing_match_or_player_identity,83f15d1ab6808e581e0ec3e33c9971b1ec89b5f1,dk-wta-wta-quals-hertogenbosch-katie-volynets-vs-lin-zhu-2026-06-07,dk,,draftkings,first_set_total_games,Under,8.5,125,,0.4444444444444444,2026-06-07T07:05:44.067Z
needs_review,market_snapshot_missing_match_or_player_identity,8709d98cdf65ed3daaf6b73770fa3c20735c39e1,dk-wta-wta-quals-hertogenbosch-katie-volynets-vs-lin-zhu-2026-06-07,dk,,draftkings,match_total_games,Over,19.5,-120,,0.5454545454545454,2026-06-07T07:05:44.067Z
needs_review,market_snapshot_missing_match_or_player_identity,b85bb584e4f8730daa28f83d277bf2a445dd1813,dk-wta-wta-quals-hertogenbosch-katie-volynets-vs-lin-zhu-2026-06-07,dk,,draftkings,first_set_total_games,Over,8.5,-185,,0.6491228070175439,2026-06-07T07:05:44.067Z
needs_review,market_snapshot_missing_match_or_player_identity,f1b3361ec5257fe924b4f18528e8536bf7604299,dk-wta-wta-quals-hertogenbosch-katie-volynets-vs-lin-zhu-2026-06-07,dk,,draftkings,match_total_games,Under,19.5,-120,,0.5454545454545454,2026-06-07T07:05:44.067Z
needs_review,market_snapshot_missing_match_or_player_identity,26bb3571ff4f13ad506e483e70c0a5b2b16200bd,dk-wta-wta-quals-hertogenbosch-robin-montgomery-vs-joanna-garland-2026-06-07,dk,,draftkings,first_set_total_games,Under,9.5,-130,,0.5652173913043478,2026-06-07T07:05:44.067Z
needs_review,market_snapshot_missing_match_or_player_identity,74f18f0bde0fe22c95911eaee027c85074eaa2bb,dk-wta-wta-quals-hertogenbosch-robin-montgomery-vs-joanna-garland-2026-06-07,dk,,draftkings,first_set_total_games,Over,9.5,-115,,0.5348837209302325,2026-06-07T07:05:44.067Z
needs_review,market_snapshot_missing_match_or_player_identity,80f73c47df54a8fec8357e925f5b6de94aee61ac,dk-wta-wta-quals-hertogenbosch-robin-montgomery-vs-joanna-garland-2026-06-07,dk,,draftkings,match_total_games,Under,21.5,-115,,0.5348837209302325,2026-06-07T07:05:44.067Z
needs_review,market_snapshot_missing_match_or_player_identity,f7c0ffe6bb303303292c3bab4bccd40494143d32,dk-wta-wta-quals-hertogenbosch-robin-montgomery-vs-joanna-garland-2026-06-07,dk,,draftkings,match_total_games,Over,21.5,-130,,0.5652173913043478,2026-06-07T07:05:44.067Z
needs_review,market_snapshot_missing_match_or_player_identity,3c8a7dccd50254976ef73efbb0833b274822d6d7,dk-wta-wta-quals-london-donna-vekic-vs-carole-monnet-2026-06-07,dk,,draftkings,match_total_games,Over,17.5,-125,,0.5555555555555556,2026-06-07T07:05:44.067Z
needs_review,market_snapshot_missing_match_or_player_identity,a6b47036475ea25b7363db3c5458611dadd7ab3a,dk-wta-wta-quals-london-donna-vekic-vs-carole-monnet-2026-06-07,dk,,draftkings,first_set_total_games,Under,8.5,-120,,0.5454545454545454,2026-06-07T07:05:44.067Z
needs_review,market_snapshot_missing_match_or_player_identity,cddcca7b787bcb8cb4b34525a9e270dd95bd08c6,dk-wta-wta-quals-london-donna-vekic-vs-carole-monnet-2026-06-07,dk,,draftkings,first_set_total_games,Over,8.5,-120,,0.5454545454545454,2026-06-07T07:05:44.067Z
needs_review,market_snapshot_missing_match_or_player_identity,e4e210e72df0dc5ed40e8fbebe03635a7df5754b,dk-wta-wta-quals-london-donna-vekic-vs-carole-monnet-2026-06-07,dk,,draftkings,match_total_games,Under,17.5,-115,,0.5348837209302325,2026-06-07T07:05:44.067Z
needs_review,market_snapshot_missing_match_or_player_identity,24f19f57f4b8ba330699268bde0359c9c3242692,dk-wta-wta-quals-london-ekaterine-gorgodze-vs-kamilla-rakhimova-2026-06-07,dk,,draftkings,first_set_total_games,Under,8.5,-105,,0.5121951219512195,2026-06-07T07:05:44.067Z
needs_review,market_snapshot_missing_match_or_player_identity,3d8c5c3719b4c6cf3c7e5082a7e376f7f070dca1,dk-wta-wta-quals-london-ekaterine-gorgodze-vs-kamilla-rakhimova-2026-06-07,dk,,draftkings,match_total_games,Over,18.5,-110,,0.5238095238095238,2026-06-07T07:05:44.067Z
needs_review,market_snapshot_missing_match_or_player_identity,e97c46671e885b4168cdb24763537d07add479b2,dk-wta-wta-quals-london-ekaterine-gorgodze-vs-kamilla-rakhimova-2026-06-07,dk,,draftkings,match_total_games,Under,18.5,-135,,0.574468085106383,2026-06-07T07:05:44.067Z
needs_review,market_snapshot_missing_match_or_player_identity,fee528c426e49ad53db4841e33a2ba8bdcf0759e,dk-wta-wta-quals-london-ekaterine-gorgodze-vs-kamilla-rakhimova-2026-06-07,dk,,draftkings,first_set_total_games,Over,8.5,-135,,0.574468085106383,2026-06-07T07:05:44.067Z
needs_review,market_snapshot_missing_match_or_player_identity,764584fe0f244ee67f1e2c5165bf6fc15b315ddf,dk-wta-wta-quals-london-elsa-jacquemot-vs-hanyu-guo-2026-06-07,dk,,draftkings,first_set_total_games,Under,9.5,-165,,0.6226415094339622,2026-06-07T07:05:44.067Z
needs_review,market_snapshot_missing_match_or_player_identity,8b5c66502eee300009f5e42df02aa22f2c859139,dk-wta-wta-quals-london-elsa-jacquemot-vs-hanyu-guo-2026-06-07,dk,,draftkings,match_total_games,Under,21.5,-130,,0.5652173913043478,2026-06-07T07:05:44.067Z
needs_review,market_snapshot_missing_match_or_player_identity,9b26e62aea1701189a7eaec5e8228196e2697298,dk-wta-wta-quals-london-elsa-jacquemot-vs-hanyu-guo-2026-06-07,dk,,draftkings,match_total_games,Over,21.5,-110,,0.5238095238095238,2026-06-07T07:05:44.067Z
needs_review,market_snapshot_missing_match_or_player_identity,be15be67d7c7a1f2c9c578b231b4a2d8d32b0a71,dk-wta-wta-quals-london-elsa-jacquemot-vs-hanyu-guo-2026-06-07,dk,,draftkings,first_set_total_games,Over,9.5,110,,0.47619047619047616,2026-06-07T07:05:44.067Z
needs_review,market_snapshot_missing_match_or_player_identity,1494989a7ac9568aa069499cfccc9019dc0db5e6,dk-wta-wta-quals-london-jodie-anna-burrage-vs-anna-blinkova-2026-06-07,dk,,draftkings,match_total_games,Over,20.5,-125,,0.5555555555555556,2026-06-07T07:05:44.067Z
needs_review,market_snapshot_missing_match_or_player_identity,626fc6d3758f2c8878971e0782c2c5ee10bda9c3,dk-wta-wta-quals-london-jodie-anna-burrage-vs-anna-blinkova-2026-06-07,dk,,draftkings,first_set_total_games,Under,9.5,-165,,0.6226415094339622,2026-06-07T07:05:44.067Z
needs_review,market_snapshot_missing_match_or_player_identity,970acbdb37ac8809eda831699ec56913acce0516,dk-wta-wta-quals-london-jodie-anna-burrage-vs-anna-blinkova-2026-06-07,dk,,draftkings,match_total_games,Under,20.5,-115,,0.5348837209302325,2026-06-07T07:05:44.067Z
needs_review,market_snapshot_missing_match_or_player_identity,c13d290a957ecbb50fd8b4366999b00ebaa80fc3,dk-wta-wta-quals-london-jodie-anna-burrage-vs-anna-blinkova-2026-06-07,dk,,draftkings,first_set_total_games,Over,9.5,110,,0.47619047619047616,2026-06-07T07:05:44.067Z
needs_review,market_snapshot_missing_match_or_player_identity,2cb449839dea1f8382b1dec78494b44b67261505,dk-wta-wta-quals-london-maddison-inglis-vs-alycia-parks-2026-06-07,dk,,draftkings,first_set_total_games,Under,9.5,-140,,0.5833333333333334,2026-06-07T07:05:44.067Z
needs_review,market_snapshot_missing_match_or_player_identity,3db2775cb16907bc0b13c417d1036c90fe0793d2,dk-wta-wta-quals-london-maddison-inglis-vs-alycia-parks-2026-06-07,dk,,draftkings,match_total_games,Under,21.5,-120,,0.5454545454545454,2026-06-07T07:05:44.067Z
needs_review,market_snapshot_missing_match_or_player_identity,418a25fdd7c2d3b094684b4a7294565de1aea561,dk-wta-wta-quals-london-maddison-inglis-vs-alycia-parks-2026-06-07,dk,,draftkings,first_set_total_games,Over,9.5,-105,,0.5121951219512195,2026-06-07T07:05:44.067Z
needs_review,market_snapshot_missing_match_or_player_identity,b88c583940caae4350c490614253bb70a8aa7836,dk-wta-wta-quals-london-maddison-inglis-vs-alycia-parks-2026-06-07,dk,,draftkings,match_total_games,Over,21.5,-120,,0.5454545454545454,2026-06-07T07:05:44.067Z
needs_review,market_snapshot_missing_match_or_player_identity,01e32ddc5209904accb026997f9e337a292cd919,dk-wta-wta-quals-london-priscilla-hon-vs-polina-kudermetova-2026-06-07,dk,,draftkings,match_total_games,Under,20.5,-120,,0.5454545454545454,2026-06-07T07:05:44.067Z
needs_review,market_snapshot_missing_match_or_player_identity,1b3127fe46d6afc5c5adb2d1c2e2a566a035a0b6,dk-wta-wta-quals-london-priscilla-hon-vs-polina-kudermetova-2026-06-07,dk,,draftkings,first_set_total_games,Over,9.5,110,,0.47619047619047616,2026-06-07T07:05:44.067Z
needs_review,market_snapshot_missing_match_or_player_identity,7b1985af70f3e1901ad28edfbb745f038a6b01a0,dk-wta-wta-quals-london-priscilla-hon-vs-polina-kudermetova-2026-06-07,dk,,draftkings,match_total_games,Over,20.5,-120,,0.5454545454545454,2026-06-07T07:05:44.067Z
needs_review,market_snapshot_missing_match_or_player_identity,d2498474d9a0cbece39e41de6cbfba599b603946,dk-wta-wta-quals-london-priscilla-hon-vs-polina-kudermetova-2026-06-07,dk,,draftkings,first_set_total_games,Under,9.5,-165,,0.6226415094339622,2026-06-07T07:05:44.067Z
needs_review,market_snapshot_missing_match_or_player_identity,4453170eb92fc4f3b46719fd8511c24caa0ad934,dk-wta-wta-quals-london-talia-gibson-vs-alina-charaeva-2026-06-07,dk,,draftkings,match_total_games,Over,21.5,-130,,0.5652173913043478,2026-06-07T07:05:44.067Z
needs_review,market_snapshot_missing_match_or_player_identity,c1277e0c09f5d10fcaa8d3d07c974ea6fd1507ce,dk-wta-wta-quals-london-talia-gibson-vs-alina-charaeva-2026-06-07,dk,,draftkings,first_set_total_games,Under,9.5,-135,,0.574468085106383,2026-06-07T07:05:44.067Z
needs_review,market_snapshot_missing_match_or_player_identity,cb08ddf9494ec4c6bfc15201e6e8afe07ab1e46d,dk-wta-wta-quals-london-talia-gibson-vs-alina-charaeva-2026-06-07,dk,,draftkings,match_total_games,Under,21.5,-115,,0.5348837209302325,2026-06-07T07:05:44.067Z
needs_review,market_snapshot_missing_match_or_player_identity,e859b7a69e265051657995ac2a37ff160cca9442,dk-wta-wta-quals-london-talia-gibson-vs-alina-charaeva-2026-06-07,dk,,draftkings,first_set_total_games,Over,9.5,-110,,0.5238095238095238,2026-06-07T07:05:44.067Z
needs_review,market_snapshot_missing_match_or_player_identity,2ee4ee5a309fde9c6a39515a2503b2cce5499daa,dk-wta-wta-quals-london-tatjana-maria-vs-yuriko-lily-miyazaki-2026-06-07,dk,,draftkings,first_set_total_games,Under,9.5,-185,,0.6491228070175439,2026-06-07T07:05:44.067Z
needs_review,market_snapshot_missing_match_or_player_identity,88ba6cbdafbbbe647686f8f863dcb6438821f4da,dk-wta-wta-quals-london-tatjana-maria-vs-yuriko-lily-miyazaki-2026-06-07,dk,,draftkings,match_total_games,Over,19.5,-130,,0.5652173913043478,2026-06-07T07:05:44.067Z
needs_review,market_snapshot_missing_match_or_player_identity,c0e0dacbd8c91c77e8c025ae26126b708aafa040,dk-wta-wta-quals-london-tatjana-maria-vs-yuriko-lily-miyazaki-2026-06-07,dk,,draftkings,match_total_games,Under,19.5,-110,,0.5238095238095238,2026-06-07T07:05:44.067Z
needs_review,market_snapshot_missing_match_or_player_identity,e824372fdc93bfc007b5ca444839aadb18bbc7e5,dk-wta-wta-quals-london-tatjana-maria-vs-yuriko-lily-miyazaki-2026-06-07,dk,,draftkings,first_set_total_games,Over,9.5,125,,0.4444444444444444,2026-06-07T07:05:44.067Z
needs_review,market_snapshot_missing_match_or_player_identity,c70354987813ae2cd9c7ddf6474e7c5dc216491e,rh-atp-challenger-bratislava-sachko-vs-watanuki-2026-06-08,rh,,draftkings,first_set_total_games,Over,9.5,-110,,0.5238095238095238,2026-06-08T07:31:18.345Z
needs_review,market_snapshot_missing_match_or_player_identity,d89751d671bf83aff5aaceb3592fd22a41a98401,rh-atp-challenger-bratislava-sachko-vs-watanuki-2026-06-08,rh,,draftkings,first_set_total_games,Under,9.5,-130,,0.5652173913043478,2026-06-08T07:31:18.345Z
needs_review,market_snapshot_missing_match_or_player_identity,0bb17fa370c9a81509f2651a0e6b666bf391599e,rh-atp-challenger-ilkley-schoolkate-vs-harris-2026-06-08,rh,,draftkings,first_set_total_games,Over,10.5,135,,0.425531914893617,2026-06-08T07:31:18.345Z
needs_review,market_snapshot_missing_match_or_player_identity,c9f2132f08f972068beecbf1befb8d382ad72462,rh-atp-challenger-ilkley-schoolkate-vs-harris-2026-06-08,rh,,draftkings,first_set_total_games,Under,10.5,-200,,0.6666666666666666,2026-06-08T07:31:18.345Z
needs_review,market_snapshot_missing_match_or_player_identity,51ece0696894067cbff76011e490d3d092651923,rh-atp-challenger-lyon-pavlovic-vs-galan-2026-06-08,rh,,draftkings,first_set_total_games,Over,9.5,-125,,0.5555555555555556,2026-06-08T07:31:18.345Z
needs_review,market_snapshot_missing_match_or_player_identity,b4fe5acaa37db34f1a7d8339e808859fc7828081,rh-atp-challenger-lyon-pavlovic-vs-galan-2026-06-08,rh,,draftkings,first_set_total_games,Under,9.5,-115,,0.5348837209302325,2026-06-08T07:31:18.345Z
needs_review,market_snapshot_missing_match_or_player_identity,60936f19d86763f534a9b1c26307cb41a6da7d6e,rh-wta-125k-ilkley-dudeney-vs-sakatsume-2026-06-08,rh,,draftkings,first_set_total_games,Under,9.5,-150,,0.6,2026-06-08T07:31:18.345Z
needs_review,market_snapshot_missing_match_or_player_identity,6beeceb41be34bf7dfd2299ba37d2191fb8b4f6d,rh-wta-125k-ilkley-dudeney-vs-sakatsume-2026-06-08,rh,,draftkings,first_set_total_games,Over,9.5,105,,0.4878048780487805,2026-06-08T07:31:18.345Z
needs_review,market_snapshot_missing_match_or_player_identity,c745e560a1c2d4e94c3e84b1efe7ec7d6f102df6,rh-wta-125k-ilkley-golubic-vs-britton-2026-06-08,rh,,draftkings,first_set_total_games,Over,8.5,-125,,0.5555555555555556,2026-06-08T07:31:18.345Z
needs_review,market_snapshot_missing_match_or_player_identity,ea37feb3625a143fc108ff3b6f9a5237171ab922,rh-wta-125k-ilkley-golubic-vs-britton-2026-06-08,rh,,draftkings,first_set_total_games,Under,8.5,-115,,0.5348837209302325,2026-06-08T07:31:18.345Z
needs_review,market_snapshot_missing_match_or_player_identity,1a6e39d6943eab40737267ce734c32cef41c8df1,rh-wta-125k-ilkley-klimovicova-vs-kraus-2026-06-08,rh,,draftkings,first_set_total_games,Over,9.5,120,,0.45454545454545453,2026-06-08T07:31:18.345Z
needs_review,market_snapshot_missing_match_or_player_identity,8da970dccbef25352b860671946287562d1937ee,rh-wta-125k-ilkley-klimovicova-vs-kraus-2026-06-08,rh,,draftkings,first_set_total_games,Under,9.5,-175,,0.6363636363636364,2026-06-08T07:31:18.345Z
needs_review,market_snapshot_missing_match_or_player_identity,468581cf3aefcbdb37db168894fdb00b16dcbba8,rh-wta-125k-ilkley-podrez-vs-prozorova-2026-06-08,rh,,draftkings,first_set_total_games,Under,9.5,-165,,0.6226415094339622,2026-06-08T07:31:18.345Z
needs_review,market_snapshot_missing_match_or_player_identity,ebd7e191e0a8dd71a730e616027d4776ba4fa2d3,rh-wta-125k-ilkley-podrez-vs-prozorova-2026-06-08,rh,,draftkings,first_set_total_games,Over,9.5,110,,0.47619047619047616,2026-06-08T07:31:18.345Z
needs_review,market_snapshot_missing_match_or_player_identity,3514ab0ea9ecf460a61c7462acc15814e819a86a,rh-wta-125k-ilkley-sawangkaew-vs-urhobo-2026-06-08,rh,,draftkings,first_set_total_games,Over,8.5,-185,,0.6491228070175439,2026-06-08T07:31:18.345Z
needs_review,market_snapshot_missing_match_or_player_identity,3a43d3bd6e17b148966c937dfe8b2950ee4a5fe6,rh-wta-125k-ilkley-sawangkaew-vs-urhobo-2026-06-08,rh,,draftkings,first_set_total_games,Under,8.5,125,,0.4444444444444444,2026-06-08T07:31:18.345Z
needs_review,market_snapshot_missing_match_or_player_identity,c53089183a9778400b9ef5440907d3d7344ba26b,rh-wta-125k-ilkley-vidmanova-vs-fruhvirtova-2026-06-08,rh,,draftkings,first_set_total_games,Over,9.5,120,,0.45454545454545453,2026-06-08T07:31:18.345Z
needs_review,market_snapshot_missing_match_or_player_identity,d9fc7decb8a122d205dd154a4ccb1292cac50c09,rh-wta-125k-ilkley-vidmanova-vs-fruhvirtova-2026-06-08,rh,,draftkings,first_set_total_games,Under,9.5,-175,,0.6363636363636364,2026-06-08T07:31:18.345Z
needs_review,market_snapshot_missing_match_or_player_identity,558fe19e5c44803a03552b024a2776c976e32806,rh-wta-125k-modena-kawa-vs-pigato-2026-06-08,rh,,draftkings,first_set_total_games,Under,9.5,-175,,0.6363636363636364,2026-06-08T07:31:18.345Z
needs_review,market_snapshot_missing_match_or_player_identity,8df3c5202bc307a19790931f613fc49be618854e,rh-wta-125k-modena-kawa-vs-pigato-2026-06-08,rh,,draftkings,first_set_total_games,Over,9.5,110,,0.47619047619047616,2026-06-08T07:31:18.345Z
needs_review,market_snapshot_missing_match_or_player_identity,7e8f3ce716b489e1e2dc87282c128de290f19774,rh-wta-125k-modena-noha-akugue-vs-rakotomanga-rajaonah-2026-06-08,rh,,draftkings,first_set_total_games,Under,9.5,-175,,0.6363636363636364,2026-06-08T07:31:18.345Z
needs_review,market_snapshot_missing_match_or_player_identity,cbf4ff80b067e2f4ace6415a221c64e6ced6f785,rh-wta-125k-modena-noha-akugue-vs-rakotomanga-rajaonah-2026-06-08,rh,,draftkings,first_set_total_games,Over,9.5,110,,0.47619047619047616,2026-06-08T07:31:18.345Z
needs_review,market_snapshot_missing_match_or_player_identity,1d4cf2029d4e65977d298581c2e601d64c4a2abb,rh-wta-125k-modena-quevedo-vs-ortenzi-2026-06-08,rh,,draftkings,first_set_total_games,Under,9.5,-185,,0.6491228070175439,2026-06-08T07:31:18.345Z
needs_review,market_snapshot_missing_match_or_player_identity,5281d4556a89d5023e0d5c76e5f0e85b74a2bebd,rh-wta-125k-modena-quevedo-vs-ortenzi-2026-06-08,rh,,draftkings,first_set_total_games,Over,9.5,125,,0.4444444444444444,2026-06-08T07:31:18.345Z
needs_review,market_snapshot_missing_match_or_player_identity,b27374365263fe3d339e0cea15c9344f1550e43d,rh-wta-125k-modena-trevisan-vs-ruggeri-2026-06-08,rh,,draftkings,first_set_total_games,Under,9.5,-150,,0.6,2026-06-08T07:31:18.345Z
needs_review,market_snapshot_missing_match_or_player_identity,cf0af229d3e5a79956f8d45acaab82d6a25305df,rh-wta-125k-modena-trevisan-vs-ruggeri-2026-06-08,rh,,draftkings,first_set_total_games,Over,9.5,105,,0.4878048780487805,2026-06-08T07:31:18.345Z
needs_review,market_snapshot_missing_match_or_player_identity,39c0e4578f88f8dce3c2607152d4baa794ad6d04,rh-wta-125k-modena-vandromme-vs-fita-boluda-2026-06-08,rh,,draftkings,first_set_total_games,Over,9.5,110,,0.47619047619047616,2026-06-08T07:31:18.345Z
needs_review,market_snapshot_missing_match_or_player_identity,3b421c8ba9eedf4b4541cd2de03f66e90eb1e628,rh-wta-125k-modena-vandromme-vs-fita-boluda-2026-06-08,rh,,draftkings,first_set_total_games,Under,9.5,-165,,0.6226415094339622,2026-06-08T07:31:18.345Z
needs_review,market_snapshot_missing_match_or_player_identity,af12599516f7a5ab2afe345d0b75031f307fdcbb,rh-wta-125k-modena-wang-vs-samson-2026-06-08,rh,,draftkings,first_set_total_games,Over,9.5,125,,0.4444444444444444,2026-06-08T07:31:18.345Z
needs_review,market_snapshot_missing_match_or_player_identity,ec51b02c6ce25e19be657652d75de86684bbe576,rh-wta-125k-modena-wang-vs-samson-2026-06-08,rh,,draftkings,first_set_total_games,Under,9.5,-185,,0.6491228070175439,2026-06-08T07:31:18.345Z
needs_review,market_snapshot_missing_match_or_player_identity,5273d2bbdc6d2d633c71750e7c8d5ecddc1cc308,rh-wta-london-boulter-vs-fernandez-2026-06-08,rh,,draftkings,match_total_games,Over,22.5,-115,,0.5348837209302325,2026-06-08T07:31:18.345Z
needs_review,market_snapshot_missing_match_or_player_identity,b3d90f6a229ad001fd67d94dea95284fdab29486,rh-wta-london-boulter-vs-fernandez-2026-06-08,rh,,draftkings,match_total_games,Under,22.5,-130,,0.5652173913043478,2026-06-08T07:31:18.345Z
needs_review,market_snapshot_missing_match_or_player_identity,e8ac7be2daeb920f9aac72800040c27fd66de86c,rh-wta-london-boulter-vs-fernandez-2026-06-08,rh,,draftkings,first_set_total_games,Over,9.5,-110,,0.5238095238095238,2026-06-08T07:31:18.345Z
needs_review,market_snapshot_missing_match_or_player_identity,f2b13a4bb08c07e4c8a3d2a4dbae1bd937ee14bb,rh-wta-london-boulter-vs-fernandez-2026-06-08,rh,,draftkings,first_set_total_games,Under,9.5,-135,,0.574468085106383,2026-06-08T07:31:18.345Z
needs_review,market_snapshot_missing_match_or_player_identity,0ef1a39a1a6d73714c611e6c13caca6962fa203d,rh-wta-london-dart-vs-samsonova-2026-06-08,rh,,draftkings,first_set_total_games,Over,9.5,110,,0.47619047619047616,2026-06-08T07:31:18.345Z
needs_review,market_snapshot_missing_match_or_player_identity,0f43f48bd11fb81ba20b878a8b88c88fb92f36d1,rh-wta-london-dart-vs-samsonova-2026-06-08,rh,,draftkings,match_total_games,Over,20.5,-110,,0.5238095238095238,2026-06-08T07:31:18.345Z
needs_review,market_snapshot_missing_match_or_player_identity,a542bf99ad544c1909ece723115f4f30e2fa5d20,rh-wta-london-dart-vs-samsonova-2026-06-08,rh,,draftkings,first_set_total_games,Under,9.5,-165,,0.6226415094339622,2026-06-08T07:31:18.345Z
needs_review,market_snapshot_missing_match_or_player_identity,d5a1998825e9ac4e215c2a2dbb4d30b37db40a5b,rh-wta-london-dart-vs-samsonova-2026-06-08,rh,,draftkings,match_total_games,Under,20.5,-135,,0.574468085106383,2026-06-08T07:31:18.345Z
needs_review,market_snapshot_missing_match_or_player_identity,012800f9cc06c2f30043fe40ba3d48af4ed72220,rh-wta-london-pliskova-vs-kessler-2026-06-08,rh,,draftkings,match_total_games,Under,22.5,-120,,0.5454545454545454,2026-06-08T07:31:18.345Z
needs_review,market_snapshot_missing_match_or_player_identity,88f4b0424c72d4116dea9666f2cf550958daccd9,rh-wta-london-pliskova-vs-kessler-2026-06-08,rh,,draftkings,first_set_total_games,Over,9.5,-120,,0.5454545454545454,2026-06-08T07:31:18.345Z
needs_review,market_snapshot_missing_match_or_player_identity,b14e86eddd87d39641ed370d66c49d9b2bc45a50,rh-wta-london-pliskova-vs-kessler-2026-06-08,rh,,draftkings,first_set_total_games,Under,9.5,-120,,0.5454545454545454,2026-06-08T07:31:18.345Z
needs_review,market_snapshot_missing_match_or_player_identity,e280c718ae0dea251358374179a3d624ce4d9f91,rh-wta-london-pliskova-vs-kessler-2026-06-08,rh,,draftkings,match_total_games,Over,22.5,-120,,0.5454545454545454,2026-06-08T07:31:18.345Z
needs_review,market_snapshot_missing_match_or_player_identity,02ef7fb5f19f3f51c4971cbb4333bb4f16c8ad70,rh-wta-london-siegemund-vs-jones-2026-06-08,rh,,draftkings,first_set_total_games,Under,9.5,-150,,0.6,2026-06-08T07:31:18.345Z
needs_review,market_snapshot_missing_match_or_player_identity,5d49f93df4a4542bb918bf0286e7ba258fdd02c7,rh-wta-london-siegemund-vs-jones-2026-06-08,rh,,draftkings,match_total_games,Over,20.5,-120,,0.5454545454545454,2026-06-08T07:31:18.345Z
needs_review,market_snapshot_missing_match_or_player_identity,d1abeab483fba8cf792e87fe2fac38719009cdfb,rh-wta-london-siegemund-vs-jones-2026-06-08,rh,,draftkings,match_total_games,Under,20.5,-120,,0.5454545454545454,2026-06-08T07:31:18.345Z
needs_review,market_snapshot_missing_match_or_player_identity,e6d6f201ea51ed21e715802faa07a036bd0bac4e,rh-wta-london-siegemund-vs-jones-2026-06-08,rh,,draftkings,first_set_total_games,Over,9.5,105,,0.4878048780487805,2026-06-08T07:31:18.345Z
needs_review,market_snapshot_missing_match_or_player_identity,3f36c25d65abd1dd5c6143a2b4641595333e2d17,rh-wta-london-zheng-vs-cristian-2026-06-08,rh,,draftkings,first_set_total_games,Under,9.5,-165,,0.6226415094339622,2026-06-08T07:31:18.345Z
needs_review,market_snapshot_missing_match_or_player_identity,515df41f08250076e992a86968e65312694ae8e7,rh-wta-london-zheng-vs-cristian-2026-06-08,rh,,draftkings,match_total_games,Over,20.5,-130,,0.5652173913043478,2026-06-08T07:31:18.345Z
needs_review,market_snapshot_missing_match_or_player_identity,7aa9f28918a1f1198aa56a08232b49c01682db7d,rh-wta-london-zheng-vs-cristian-2026-06-08,rh,,draftkings,match_total_games,Under,20.5,-115,,0.5348837209302325,2026-06-08T07:31:18.345Z
needs_review,market_snapshot_missing_match_or_player_identity,a025cb2b14df5855d180f5f4fb185894d27852a9,rh-wta-london-zheng-vs-cristian-2026-06-08,rh,,draftkings,first_set_total_games,Over,9.5,110,,0.47619047619047616,2026-06-08T07:31:18.345Z
needs_review,market_snapshot_missing_match_or_player_identity,6cf6a5a4fe06d63aee5f9797e648bb4dd181985b,rh-wta-s-hertogenbosch-alexandrova-vs-udvardy-2026-06-08,rh,,draftkings,first_set_total_games,Under,9.5,-185,,0.6491228070175439,2026-06-08T07:31:18.345Z
needs_review,market_snapshot_missing_match_or_player_identity,7450977c1cbb98502454c8226185966ac4309777,rh-wta-s-hertogenbosch-alexandrova-vs-udvardy-2026-06-08,rh,,draftkings,match_total_games,Under,19.5,-115,,0.5348837209302325,2026-06-08T07:31:18.345Z
needs_review,market_snapshot_missing_match_or_player_identity,97f11b1015d693bb76b2890eab5fcb0660909017,rh-wta-s-hertogenbosch-alexandrova-vs-udvardy-2026-06-08,rh,,draftkings,match_total_games,Over,19.5,-125,,0.5555555555555556,2026-06-08T07:31:18.345Z
needs_review,market_snapshot_missing_match_or_player_identity,c643dd426a91e1eedd31defebecdbe76a70ef749,rh-wta-s-hertogenbosch-alexandrova-vs-udvardy-2026-06-08,rh,,draftkings,first_set_total_games,Over,9.5,125,,0.4444444444444444,2026-06-08T07:31:18.345Z
needs_review,market_snapshot_missing_match_or_player_identity,00b0c591f2147fc78fba02e4aadbb08ed5a078ea,rh-wta-s-hertogenbosch-andreescu-vs-mertens-2026-06-08,rh,,draftkings,first_set_total_games,Over,9.5,100,,0.5,2026-06-08T07:31:18.345Z
needs_review,market_snapshot_missing_match_or_player_identity,2bc2abf648911b8a6ce14d791bd94be2256831ae,rh-wta-s-hertogenbosch-andreescu-vs-mertens-2026-06-08,rh,,draftkings,match_total_games,Over,20.5,-120,,0.5454545454545454,2026-06-08T07:31:18.345Z
needs_review,market_snapshot_missing_match_or_player_identity,b1ff8a135903d2cce87f5546e9f59d68b04cbb76,rh-wta-s-hertogenbosch-andreescu-vs-mertens-2026-06-08,rh,,draftkings,first_set_total_games,Under,9.5,-150,,0.6,2026-06-08T07:31:18.345Z
needs_review,market_snapshot_missing_match_or_player_identity,fdbb939d203b6f6e485416e504f17c1c3567eff5,rh-wta-s-hertogenbosch-andreescu-vs-mertens-2026-06-08,rh,,draftkings,match_total_games,Under,20.5,-120,,0.5454545454545454,2026-06-08T07:31:18.345Z
needs_review,market_snapshot_missing_match_or_player_identity,02665a4ec2954fff317a37cab90ff24359e651a4,rh-wta-s-hertogenbosch-kasatkina-vs-montgomery-2026-06-08,rh,,draftkings,first_set_total_games,Under,9.5,-165,,0.6226415094339622,2026-06-08T07:31:18.345Z
needs_review,market_snapshot_missing_match_or_player_identity,3c27c34120e23b3fd474e4bb11b558274b8c8c73,rh-wta-s-hertogenbosch-kasatkina-vs-montgomery-2026-06-08,rh,,draftkings,first_set_total_games,Over,9.5,105,,0.4878048780487805,2026-06-08T07:31:18.345Z
needs_review,market_snapshot_missing_match_or_player_identity,55d94edfa472dd239d95933e35a3ced0cd1f7b5a,rh-wta-s-hertogenbosch-kasatkina-vs-montgomery-2026-06-08,rh,,draftkings,match_total_games,Under,20.5,-125,,0.5555555555555556,2026-06-08T07:31:18.345Z
needs_review,market_snapshot_missing_match_or_player_identity,5c248f7edfeade5c24d13fb876d6c3f29b4fa572,rh-wta-s-hertogenbosch-kasatkina-vs-montgomery-2026-06-08,rh,,draftkings,match_total_games,Over,20.5,-115,,0.5348837209302325,2026-06-08T07:31:18.345Z
needs_review,market_snapshot_missing_match_or_player_identity,21067e49369a11e305727fba8aee8b52f57162d0,rh-wta-s-hertogenbosch-linette-vs-birrell-2026-06-08,rh,,draftkings,first_set_total_games,Over,9.5,-105,,0.5121951219512195,2026-06-08T07:31:18.345Z
needs_review,market_snapshot_missing_match_or_player_identity,392a2593bdcc03b6196d52e502f3964db7211d0a,rh-wta-s-hertogenbosch-linette-vs-birrell-2026-06-08,rh,,draftkings,first_set_total_games,Under,9.5,-135,,0.574468085106383,2026-06-08T07:31:18.345Z
needs_review,market_snapshot_missing_match_or_player_identity,6415aaccfa5e1e3913a3a85041599964b3f7f435,rh-wta-s-hertogenbosch-linette-vs-birrell-2026-06-08,rh,,draftkings,match_total_games,Over,22.5,-110,,0.5238095238095238,2026-06-08T07:31:18.345Z
needs_review,market_snapshot_missing_match_or_player_identity,dbf04dccad5b71f51143e24a59dae152de0afeb3,rh-wta-s-hertogenbosch-linette-vs-birrell-2026-06-08,rh,,draftkings,match_total_games,Under,22.5,-135,,0.574468085106383,2026-06-08T07:31:18.345Z
needs_review,market_snapshot_missing_match_or_player_identity,3729ee8257e5ab50a019426e13d2df88b5fb7b75,rh-wta-s-hertogenbosch-pohankova-vs-tauson-2026-06-08,rh,,draftkings,first_set_total_games,Under,9.5,-165,,0.6226415094339622,2026-06-08T07:31:18.345Z
needs_review,market_snapshot_missing_match_or_player_identity,589786a10bc1bf173598568b05b2ecaee1f1b9a3,rh-wta-s-hertogenbosch-pohankova-vs-tauson-2026-06-08,rh,,draftkings,first_set_total_games,Over,9.5,110,,0.47619047619047616,2026-06-08T07:31:18.345Z
needs_review,market_snapshot_missing_match_or_player_identity,5fc09b598c96103a47d4a8f6714953895c3a87c3,rh-wta-s-hertogenbosch-pohankova-vs-tauson-2026-06-08,rh,,draftkings,match_total_games,Over,21.5,-120,,0.5454545454545454,2026-06-08T07:31:18.345Z
needs_review,market_snapshot_missing_match_or_player_identity,de5610c703f3cdc7c4120d7c44c3e594f8d34aed,rh-wta-s-hertogenbosch-pohankova-vs-tauson-2026-06-08,rh,,draftkings,match_total_games,Under,21.5,-125,,0.5555555555555556,2026-06-08T07:31:18.345Z
needs_review,market_snapshot_missing_match_or_player_identity,38577629861070ed87506e007aa61c68f83d2863,rh-wta-s-hertogenbosch-snigur-vs-badosa-2026-06-08,rh,,draftkings,first_set_total_games,Under,9.5,-165,,0.6226415094339622,2026-06-08T07:31:18.345Z
needs_review,market_snapshot_missing_match_or_player_identity,8acf980a9747a21d3668d2a6eff8dbde5ae31e42,rh-wta-s-hertogenbosch-snigur-vs-badosa-2026-06-08,rh,,draftkings,match_total_games,Under,21.5,-130,,0.5652173913043478,2026-06-08T07:31:18.345Z
needs_review,market_snapshot_missing_match_or_player_identity,a73a797d2d8017c6ab7742e957ea3a4eb9f8aa0e,rh-wta-s-hertogenbosch-snigur-vs-badosa-2026-06-08,rh,,draftkings,match_total_games,Over,21.5,-110,,0.5238095238095238,2026-06-08T07:31:18.345Z
needs_review,market_snapshot_missing_match_or_player_identity,dab516fd66fbc0cc5aa000e924f6f6b2ba123be6,rh-wta-s-hertogenbosch-snigur-vs-badosa-2026-06-08,rh,,draftkings,first_set_total_games,Over,9.5,105,,0.4878048780487805,2026-06-08T07:31:18.345Z
needs_review,market_snapshot_missing_match_or_player_identity,92064c15c1548dce3865115ecb9d8930232b5233,tl-2026-06-08-bratislava-challenger-2026-federico-cina-vs-marko-topo,tl,,draftkings,first_set_total_games,Over,9.5,-125,,0.5555555555555556,2026-06-08T07:31:18.345Z
needs_review,market_snapshot_missing_match_or_player_identity,ee8453c022c8c13f4ef40b4b01b913de7e98d620,tl-2026-06-08-bratislava-challenger-2026-federico-cina-vs-marko-topo,tl,,draftkings,first_set_total_games,Under,9.5,-120,,0.5454545454545454,2026-06-08T07:31:18.345Z
needs_review,market_snapshot_missing_match_or_player_identity,5d7d8ae3a1e8d15690966aaeca75e04d6128aff8,tl-2026-06-08-bratislava-challenger-2026-norbert-gombos-vs-jan-choinski,tl,,draftkings,first_set_total_games,Over,9.5,-105,,0.5121951219512195,2026-06-08T07:31:18.345Z
needs_review,market_snapshot_missing_match_or_player_identity,60a40eb2521d6c2c44489f1a69bdea5ffafe57a2,tl-2026-06-08-bratislava-challenger-2026-norbert-gombos-vs-jan-choinski,tl,,draftkings,first_set_total_games,Under,9.5,-140,,0.5833333333333334,2026-06-08T07:31:18.345Z
needs_review,market_snapshot_missing_match_or_player_identity,635b31e19b7fc41a940832865ffaf3a35d775506,tl-2026-06-08-bratislava-challenger-2026-thanasi-kokkinakis-vs-tomas-barrios-vera,tl,,draftkings,first_set_total_games,Over,9.5,-130,,0.5652173913043478,2026-06-08T07:31:18.345Z
needs_review,market_snapshot_missing_match_or_player_identity,775d90e40aabbddd4f0ae62af26d30fa6b0e3f8d,tl-2026-06-08-bratislava-challenger-2026-thanasi-kokkinakis-vs-tomas-barrios-vera,tl,,draftkings,first_set_total_games,Under,9.5,-110,,0.5238095238095238,2026-06-08T07:31:18.345Z
needs_review,market_snapshot_missing_match_or_player_identity,bc7ee54f73c0652f6c558479da8d03622762c458,tl-2026-06-08-cattolica-challenger-2026-andrea-guerrieri-vs-dalibor-svrcina,tl,,draftkings,first_set_total_games,Under,9.5,-175,,0.6363636363636364,2026-06-08T07:31:18.345Z
needs_review,market_snapshot_missing_match_or_player_identity,c102951eb9973549b69168e9a5170fc905f994bb,tl-2026-06-08-cattolica-challenger-2026-andrea-guerrieri-vs-dalibor-svrcina,tl,,draftkings,first_set_total_games,Over,9.5,120,,0.45454545454545453,2026-06-08T07:31:18.345Z
needs_review,market_snapshot_missing_match_or_player_identity,464de3c0f8ac57063411ea03dcea3c706daed699,tl-2026-06-08-cattolica-challenger-2026-liam-broady-vs-ioannis-xilas,tl,,draftkings,first_set_total_games,Under,9.5,-165,,0.6226415094339622,2026-06-08T07:31:18.345Z
needs_review,market_snapshot_missing_match_or_player_identity,c919e582a324c215413c5d18382ab7695780ab59,tl-2026-06-08-cattolica-challenger-2026-liam-broady-vs-ioannis-xilas,tl,,draftkings,first_set_total_games,Over,9.5,110,,0.47619047619047616,2026-06-08T07:31:18.345Z
needs_review,market_snapshot_missing_match_or_player_identity,762aea93f54b5e07fddbc604c2c33428fdcb530a,tl-2026-06-08-cattolica-challenger-2026-michele-ribecai-vs-franco-agamenone,tl,,draftkings,first_set_total_games,Under,9.5,-130,,0.5652173913043478,2026-06-08T07:31:18.345Z
needs_review,market_snapshot_missing_match_or_player_identity,c9c8203139d5cc4982f10d3d87f9448b8db43fce,tl-2026-06-08-cattolica-challenger-2026-michele-ribecai-vs-franco-agamenone,tl,,draftkings,first_set_total_games,Over,9.5,-110,,0.5238095238095238,2026-06-08T07:31:18.345Z
needs_review,market_snapshot_missing_match_or_player_identity,7e261fd545469479566b6c119cb16d1b1454c5df,tl-2026-06-08-cattolica-challenger-2026-pierluigi-basile-vs-raul-brancaccio,tl,,draftkings,first_set_total_games,Under,9.5,-175,,0.6363636363636364,2026-06-08T07:31:18.345Z
needs_review,market_snapshot_missing_match_or_player_identity,c49065bb80bf59192d69a94b56e5c80cd670337d,tl-2026-06-08-cattolica-challenger-2026-pierluigi-basile-vs-raul-brancaccio,tl,,draftkings,first_set_total_games,Over,9.5,110,,0.47619047619047616,2026-06-08T07:31:18.345Z
needs_review,market_snapshot_missing_match_or_player_identity,27d686cc082395b3b05f65db485ebce66882f5b2,tl-2026-06-08-ilkley-challenger-2026-august-holmgren-vs-nicolai-budkov-kjaer,tl,,draftkings,first_set_total_games,Under,9.5,135,,0.425531914893617,2026-06-08T07:31:18.345Z
needs_review,market_snapshot_missing_match_or_player_identity,6939e9ab075ac4f5229908d2f0228813d14834e4,tl-2026-06-08-ilkley-challenger-2026-august-holmgren-vs-nicolai-budkov-kjaer,tl,,draftkings,first_set_total_games,Over,9.5,-200,,0.6666666666666666,2026-06-08T07:31:18.345Z
needs_review,market_snapshot_missing_match_or_player_identity,4a1e103b7ff465e1555f1dc781d923b7ef200a32,tl-2026-06-08-ilkley-challenger-2026-harry-wendelken-vs-jack-pinnington-jones,tl,,draftkings,first_set_total_games,Under,9.5,100,,0.5,2026-06-08T07:31:18.345Z
needs_review,market_snapshot_missing_match_or_player_identity,e9acfd6ddb4feabe6556c9e2a31086bf3f50c6a8,tl-2026-06-08-ilkley-challenger-2026-harry-wendelken-vs-jack-pinnington-jones,tl,,draftkings,first_set_total_games,Over,9.5,-150,,0.6,2026-06-08T07:31:18.345Z
needs_review,market_snapshot_missing_match_or_player_identity,8e8ae660072983afcd0bfa64faade4bbe915852a,tl-2026-06-08-ilkley-challenger-2026-kyrian-jacquet-vs-toby-samuel,tl,,draftkings,first_set_total_games,Under,9.5,105,,0.4878048780487805,2026-06-08T07:31:18.345Z
needs_review,market_snapshot_missing_match_or_player_identity,ec61ddfad23e4b4fe466bf6c360655a054a2ec85,tl-2026-06-08-ilkley-challenger-2026-kyrian-jacquet-vs-toby-samuel,tl,,draftkings,first_set_total_games,Over,9.5,-150,,0.6,2026-06-08T07:31:18.345Z
needs_review,market_snapshot_missing_match_or_player_identity,15ed139094bc96a3a1df253ef63e5ba38f707b42,tl-2026-06-08-ilkley-challenger-2026-ugo-blanchet-vs-oliver-tarvet,tl,,draftkings,first_set_total_games,Over,9.5,-150,,0.6,2026-06-08T07:31:18.345Z
needs_review,market_snapshot_missing_match_or_player_identity,298a41693c46f80206e625dc420ed5afa5e4e482,tl-2026-06-08-ilkley-challenger-2026-ugo-blanchet-vs-oliver-tarvet,tl,,draftkings,first_set_total_games,Under,9.5,105,,0.4878048780487805,2026-06-08T07:31:18.345Z
needs_review,market_snapshot_missing_match_or_player_identity,03f6ca6c0e5a94858ecc53ca312f6f92627d4aa1,tl-2026-06-08-lyon-challenger-2026-hugo-grenier-vs-luca-van-assche,tl,,draftkings,first_set_total_games,Over,8.5,-175,,0.6363636363636364,2026-06-08T07:31:18.345Z
needs_review,market_snapshot_missing_match_or_player_identity,48a4a8879bba1a9c5b0421a88065849bdc896c6e,tl-2026-06-08-lyon-challenger-2026-hugo-grenier-vs-luca-van-assche,tl,,draftkings,first_set_total_games,Under,8.5,120,,0.45454545454545453,2026-06-08T07:31:18.345Z
needs_review,market_snapshot_missing_match_or_player_identity,2155a48032f4a3fb3a742213c4fd06b8bab26c7b,tl-2026-06-08-lyon-challenger-2026-laslo-djere-vs-kimmer-coppejans,tl,,draftkings,first_set_total_games,Under,9.5,-135,,0.574468085106383,2026-06-08T07:31:18.345Z
needs_review,market_snapshot_missing_match_or_player_identity,c868fa10085dd94ca70b2c9034d67430ac931848,tl-2026-06-08-lyon-challenger-2026-laslo-djere-vs-kimmer-coppejans,tl,,draftkings,first_set_total_games,Over,9.5,-110,,0.5238095238095238,2026-06-08T07:31:18.345Z
needs_review,market_snapshot_missing_match_or_player_identity,28b12d3d4a0a7aa72c7cd204c1aed330f658b09a,tl-2026-06-08-lyon-challenger-2026-lorenzo-giustino-vs-daniel-rincon,tl,,draftkings,first_set_total_games,Under,9.5,-130,,0.5652173913043478,2026-06-08T07:31:18.345Z
needs_review,market_snapshot_missing_match_or_player_identity,fbd9ee909bc0388e4f2182a89c2442a2f9915d81,tl-2026-06-08-lyon-challenger-2026-lorenzo-giustino-vs-daniel-rincon,tl,,draftkings,first_set_total_games,Over,9.5,-110,,0.5238095238095238,2026-06-08T07:31:18.345Z
needs_review,market_snapshot_missing_match_or_player_identity,30b02d029f0437296db5804d67041373a040285d,tl-2026-06-08-san-miguel-de-tucuman-challenger-2026-eduardo-ribeiro-vs-santiago-de-la-fuente,tl,,draftkings,first_set_total_games,Under,8.5,120,,0.45454545454545453,2026-06-08T07:31:18.345Z
needs_review,market_snapshot_missing_match_or_player_identity,b987c0af87f0a787b71bdb258259f010c4da12b7,tl-2026-06-08-san-miguel-de-tucuman-challenger-2026-eduardo-ribeiro-vs-santiago-de-la-fuente,tl,,draftkings,first_set_total_games,Over,8.5,-175,,0.6363636363636364,2026-06-08T07:31:18.345Z
needs_review,market_snapshot_missing_match_or_player_identity,14ffbc3a519e2dca3858bb020b807438d832d92a,tl-2026-06-08-san-miguel-de-tucuman-challenger-2026-facundo-mena-vs-lorenzo-joaquin-rodriguez,tl,,draftkings,first_set_total_games,Under,9.5,-140,,0.5833333333333334,2026-06-08T07:31:18.345Z
needs_review,market_snapshot_missing_match_or_player_identity,df1a3bca6103c598eaeac9eb387f1bc31a707848,tl-2026-06-08-san-miguel-de-tucuman-challenger-2026-facundo-mena-vs-lorenzo-joaquin-rodriguez,tl,,draftkings,first_set_total_games,Over,9.5,-105,,0.5121951219512195,2026-06-08T07:31:18.345Z
needs_review,market_snapshot_missing_match_or_player_identity,437bc8db647c4ec31ceffdacd2413710106c40cb,tl-2026-06-08-san-miguel-de-tucuman-challenger-2026-juan-sebastian-gomez-vs-luciano-emanuel-ambrogi,tl,,draftkings,first_set_total_games,Over,9.5,120,,0.45454545454545453,2026-06-08T07:31:18.345Z
needs_review,market_snapshot_missing_match_or_player_identity,6a8b31292943ca12ad78cf69ad247cc9b09126a0,tl-2026-06-08-san-miguel-de-tucuman-challenger-2026-juan-sebastian-gomez-vs-luciano-emanuel-ambrogi,tl,,draftkings,first_set_total_games,Under,9.5,-185,,0.6491228070175439,2026-06-08T07:31:18.345Z
