bucket,reason,match_id,id_prefix,match_date,start_time_utc,status,tour,surface,source_event_id,participant_rows,distinct_players
quarantine,match_not_attached_to_active_tennislive_source,dk-atp-challenger-quals-cattolica-petr-nesterov-vs-gianmarco-ferrari-2026-06-08,dk,2026-06-08,2026-06-08T08:30:00.0000000Z,scheduled,ATP,Clay,34253784,2,2
quarantine,match_not_attached_to_active_tennislive_source,dk-atp-challenger-quals-ilkley-dan-evans-vs-charles-broom-2026-06-08,dk,2026-06-08,2026-06-08T09:55:00.0000000Z,scheduled,ATP,Grass,34254700,2,2
quarantine,match_not_attached_to_active_tennislive_source,dk-atp-challenger-san-miguel-de-tucuman-karim-bennani-vs-santiago-rodriguez-taverna-2026-06-08,dk,2026-06-08,2026-06-08T22:00:00.0000000Z,scheduled,ATP,Clay,34253754,2,2
quarantine,match_not_attached_to_active_tennislive_source,rh-atp-challenger-bratislava-qualification-neumayer-vs-daniel-2026-06-08,rh,2026-06-08,2026-06-08T09:40:00Z,scheduled,ATP,Clay,fc6671da-1001-4943-a866-0baa71d8c2e8,2,2
quarantine,match_not_attached_to_active_tennislive_source,rh-atp-challenger-bratislava-qualification-santillan-vs-shelbayh-2026-06-08,rh,2026-06-08,2026-06-08T10:50:00Z,scheduled,ATP,Clay,f7bd790f-6e93-4322-a027-c83720e83176,2,2
quarantine,match_not_attached_to_active_tennislive_source,rh-atp-challenger-bratislava-sachko-vs-watanuki-2026-06-08,rh,2026-06-08,2026-06-08T10:00:00Z,scheduled,ATP,Clay,9c12d714-1824-4ed9-943a-38fa180bb7b3,2,2
quarantine,match_not_attached_to_active_tennislive_source,rh-atp-challenger-cattolica-qualification-nesterov-vs-ferrari-2026-06-08,rh,2026-06-08,2026-06-08T08:30:00Z,scheduled,ATP,Clay,b8801f96-4cbf-4ba4-834c-7cfe4c732017,2,2
quarantine,match_not_attached_to_active_tennislive_source,rh-atp-challenger-ilkley-schoolkate-vs-harris-2026-06-08,rh,2026-06-08,2026-06-08T12:30:00Z,scheduled,ATP,Grass,ed5a2063-3097-438a-b35f-35a7eceba8c4,2,2
quarantine,match_not_attached_to_active_tennislive_source,rh-atp-challenger-lyon-pavlovic-vs-galan-2026-06-08,rh,2026-06-08,2026-06-08T10:20:00Z,scheduled,ATP,Clay,2e409906-65ac-4d99-8899-08db4b52a97a,2,2
quarantine,match_not_attached_to_active_tennislive_source,rh-atp-challenger-san-miguel-de-tucuman-qualification-del-pino-vs-huertas-del-pino-cordova-2026-06-08,rh,2026-06-08,2026-06-08T13:00:00Z,scheduled,ATP,Clay,ecf7f15b-d9ae-4aa3-a583-90d32314095c,2,2
quarantine,match_not_attached_to_active_tennislive_source,rh-atp-challenger-san-miguel-de-tucuman-qualification-villalon-valdes-vs-monferrer-2026-06-08,rh,2026-06-08,2026-06-08T14:10:00Z,scheduled,ATP,Clay,36f5be56-71fa-4ab9-8e60-816a9df6d38b,2,2
quarantine,match_not_attached_to_active_tennislive_source,rh-wta-125k-ilkley-day-vs-stoiana-2026-06-08,rh,2026-06-08,2026-06-08T09:00:00Z,scheduled,WTA,Grass,402ce1d9-f8fe-43b6-b56f-71d860dace19,2,2
quarantine,match_not_attached_to_active_tennislive_source,rh-wta-125k-ilkley-dudeney-vs-sakatsume-2026-06-08,rh,2026-06-08,2026-06-08T12:30:00Z,scheduled,WTA,Grass,5f8f1ea5-b00b-44a7-86b3-336cb248cf71,2,2
quarantine,match_not_attached_to_active_tennislive_source,rh-wta-125k-ilkley-golubic-vs-britton-2026-06-08,rh,2026-06-08,2026-06-08T12:50:00Z,scheduled,WTA,Grass,574a89cc-4660-44a6-8b46-0398d313d9c4,2,2
quarantine,match_not_attached_to_active_tennislive_source,rh-wta-125k-ilkley-jones-vs-galfi-2026-06-08,rh,2026-06-08,2026-06-08T09:00:00Z,scheduled,WTA,Grass,feca6320-c853-426d-9d30-81ffce4cbf76,2,2
quarantine,match_not_attached_to_active_tennislive_source,rh-wta-125k-ilkley-kalieva-vs-krueger-2026-06-08,rh,2026-06-08,2026-06-08T09:00:00Z,scheduled,WTA,Grass,0d1a1d23-5872-4e33-b1f1-43343472ecbf,2,2
quarantine,match_not_attached_to_active_tennislive_source,rh-wta-125k-ilkley-klimovicova-vs-kraus-2026-06-08,rh,2026-06-08,2026-06-08T13:40:00Z,scheduled,WTA,Grass,74854fee-aa29-4173-9565-2ab329f6a6bf,2,2
quarantine,match_not_attached_to_active_tennislive_source,rh-wta-125k-ilkley-podrez-vs-prozorova-2026-06-08,rh,2026-06-08,2026-06-08T13:30:00Z,scheduled,WTA,Grass,8965d8d2-b355-45b8-ab1e-3adf9c32754b,2,2
quarantine,match_not_attached_to_active_tennislive_source,rh-wta-125k-ilkley-qualification-cross-vs-martincova-2026-06-08,rh,2026-06-08,2026-06-08T09:00:00Z,scheduled,WTA,Grass,922178fa-8248-4ba7-9d63-243448fd5650,2,2
quarantine,match_not_attached_to_active_tennislive_source,rh-wta-125k-ilkley-qualification-mcdonald-vs-stoiber-2026-06-08,rh,2026-06-08,2026-06-08T10:00:00Z,scheduled,WTA,Grass,77f4242b-2c7f-419c-b378-23599212777b,2,2
quarantine,match_not_attached_to_active_tennislive_source,rh-wta-125k-ilkley-qualification-naef-vs-kobori-2026-06-08,rh,2026-06-08,2026-06-08T10:00:00Z,scheduled,WTA,Grass,f36ae644-63e3-45b8-92a2-89396bbbf870,2,2
quarantine,match_not_attached_to_active_tennislive_source,rh-wta-125k-ilkley-qualification-shymanovich-vs-ngounoue-2026-06-08,rh,2026-06-08,2026-06-08T11:40:00Z,scheduled,WTA,Grass,512a9f89-5510-45cf-bc6f-a024bd641477,2,2
quarantine,match_not_attached_to_active_tennislive_source,rh-wta-125k-ilkley-qualification-tan-vs-appleton-2026-06-08,rh,2026-06-08,2026-06-08T10:00:00Z,scheduled,WTA,Grass,3911ab98-d496-4e32-9392-e76b8ea84ab9,2,2
quarantine,match_not_attached_to_active_tennislive_source,rh-wta-125k-ilkley-sawangkaew-vs-urhobo-2026-06-08,rh,2026-06-08,2026-06-08T14:40:00Z,scheduled,WTA,Grass,cd049396-58fc-4af2-a14f-faf43a7a8325,2,2
quarantine,match_not_attached_to_active_tennislive_source,rh-wta-125k-ilkley-vidmanova-vs-fruhvirtova-2026-06-08,rh,2026-06-08,2026-06-08T14:00:00Z,scheduled,WTA,Grass,3a886058-1f42-4caf-b817-33e9c6407114,2,2
quarantine,match_not_attached_to_active_tennislive_source,rh-wta-125k-ilkley-xu-vs-mandlik-2026-06-08,rh,2026-06-08,2026-06-08T09:00:00Z,scheduled,WTA,Grass,829076f4-a43a-4634-9f07-fa543c0181d8,2,2
quarantine,match_not_attached_to_active_tennislive_source,rh-wta-125k-modena-kawa-vs-pigato-2026-06-08,rh,2026-06-08,2026-06-08T18:30:00Z,scheduled,WTA,Clay,c3076887-b5bf-46da-aa42-dae79f8b4220,2,2
quarantine,match_not_attached_to_active_tennislive_source,rh-wta-125k-modena-noha-akugue-vs-rakotomanga-rajaonah-2026-06-08,rh,2026-06-08,2026-06-08T10:00:00Z,scheduled,WTA,Clay,5e0a237f-e578-4ed1-931f-5dbcee7d08d8,2,2
quarantine,match_not_attached_to_active_tennislive_source,rh-wta-125k-modena-quevedo-vs-ortenzi-2026-06-08,rh,2026-06-08,2026-06-08T10:00:00Z,scheduled,WTA,Clay,da991bc1-0f82-46c7-8952-4b288c22e0b6,2,2
quarantine,match_not_attached_to_active_tennislive_source,rh-wta-125k-modena-trevisan-vs-ruggeri-2026-06-08,rh,2026-06-08,2026-06-08T16:00:00Z,scheduled,WTA,Clay,552e58cd-4b5d-4f04-a822-19528b4150ba,2,2
quarantine,match_not_attached_to_active_tennislive_source,rh-wta-125k-modena-vandromme-vs-fita-boluda-2026-06-08,rh,2026-06-08,2026-06-08T16:00:00Z,scheduled,WTA,Clay,201bcb4d-361e-4a95-ba5c-e8ae88c44dcc,2,2
quarantine,match_not_attached_to_active_tennislive_source,rh-wta-125k-modena-wang-vs-samson-2026-06-08,rh,2026-06-08,2026-06-08T10:30:00Z,scheduled,WTA,Clay,8519b0b8-b0f3-43b9-a577-4f7c600f3f6c,2,2
quarantine,match_not_attached_to_active_tennislive_source,rh-wta-london-boulter-vs-fernandez-2026-06-08,rh,2026-06-08,2026-06-08T13:10:00Z,scheduled,WTA,Grass,bddf3631-e387-4bce-8a1a-57f05b3dae01,2,2
quarantine,match_not_attached_to_active_tennislive_source,rh-wta-london-dart-vs-samsonova-2026-06-08,rh,2026-06-08,2026-06-08T11:00:00Z,scheduled,WTA,Grass,5d904569-c7bc-4c94-9699-02db7a035219,2,2
quarantine,match_not_attached_to_active_tennislive_source,rh-wta-london-pliskova-vs-kessler-2026-06-08,rh,2026-06-08,2026-06-08T11:00:00Z,scheduled,WTA,Grass,aba3adec-c736-47e5-abf5-1d327e4bb654,2,2
quarantine,match_not_attached_to_active_tennislive_source,rh-wta-london-siegemund-vs-jones-2026-06-08,rh,2026-06-08,2026-06-08T14:20:00Z,scheduled,WTA,Grass,b97e225f-b854-4833-a618-aeac5bbb2309,2,2
quarantine,match_not_attached_to_active_tennislive_source,rh-wta-london-zheng-vs-cristian-2026-06-08,rh,2026-06-08,2026-06-08T12:00:00Z,scheduled,WTA,Grass,65ee8d8f-b324-42c5-ae33-38caf65bdd72,2,2
quarantine,match_not_attached_to_active_tennislive_source,rh-wta-s-hertogenbosch-alexandrova-vs-udvardy-2026-06-08,rh,2026-06-08,2026-06-08T09:00:00Z,scheduled,WTA,Grass,90c85b41-009c-4281-8b4a-c66be621199e,2,2
quarantine,match_not_attached_to_active_tennislive_source,rh-wta-s-hertogenbosch-andreescu-vs-mertens-2026-06-08,rh,2026-06-08,2026-06-08T10:10:00Z,scheduled,WTA,Grass,56461e62-fddd-4f6c-bbd6-13ff78765b3a,2,2
quarantine,match_not_attached_to_active_tennislive_source,rh-wta-s-hertogenbosch-kasatkina-vs-montgomery-2026-06-08,rh,2026-06-08,2026-06-08T10:10:00Z,scheduled,WTA,Grass,35648e56-429d-4a39-806b-230e4c89b4a8,2,2
quarantine,match_not_attached_to_active_tennislive_source,rh-wta-s-hertogenbosch-linette-vs-birrell-2026-06-08,rh,2026-06-08,2026-06-08T09:00:00Z,scheduled,WTA,Grass,0fdf77b4-4de1-45e8-9ec1-cd193f6de48b,2,2
quarantine,match_not_attached_to_active_tennislive_source,rh-wta-s-hertogenbosch-pohankova-vs-tauson-2026-06-08,rh,2026-06-08,2026-06-08T13:40:00Z,scheduled,WTA,Grass,7178c554-df98-486f-9dcc-bfc174bfa7a6,2,2
quarantine,match_not_attached_to_active_tennislive_source,rh-wta-s-hertogenbosch-snigur-vs-badosa-2026-06-08,rh,2026-06-08,2026-06-08T12:30:00Z,scheduled,WTA,Grass,ecda77e2-f499-48ff-9bad-86445bb60475,2,2
quarantine,match_not_attached_to_active_tennislive_source,tl-2026-06-08-bratislava-challenger-2026-norbert-gombos-vs-jan-choinski,tl,2026-06-08,2026-06-08T14:00:00.0000000Z,scheduled,ATP,Clay,https://www.tennislive.net/atp/match/norbert-gombos-VS-jan-choinski/bratislava-challenger-2026/,2,2
quarantine,match_not_attached_to_active_tennislive_source,tl-2026-06-08-cattolica-challenger-2026-lucio-ratti-vs-sergio-callejon-hernando,tl,2026-06-08,2026-06-08T08:30:00.0000000Z,scheduled,ATP,Clay,https://www.tennislive.net/atp/match/lucio-ratti-VS-sergio-callejon-hernando/cattolica-challenger-2026/,2,2
quarantine,match_not_attached_to_active_tennislive_source,tl-2026-06-08-cattolica-challenger-2026-michele-ribecai-vs-franco-agamenone,tl,2026-06-08,2026-06-08T10:50:00.0000000Z,scheduled,ATP,Clay,https://www.tennislive.net/atp/match/michele-ribecai-VS-franco-agamenone/cattolica-challenger-2026/,2,2
quarantine,match_not_attached_to_active_tennislive_source,tl-2026-06-08-cattolica-challenger-2026-pierluigi-basile-vs-raul-brancaccio,tl,2026-06-08,2026-06-08T10:50:00.0000000Z,scheduled,ATP,Clay,https://www.tennislive.net/atp/match/pierluigi-basile-VS-raul-brancaccio/cattolica-challenger-2026/,2,2
quarantine,match_not_attached_to_active_tennislive_source,tl-2026-06-08-ilkley-challenger-2026-daniel-evans-vs-charles-broom,tl,2026-06-08,,scheduled,ATP,Grass,https://www.tennislive.net/atp/match/daniel-evans-VS-charles-broom/ilkley-challenger-2026/,2,2
quarantine,match_not_attached_to_active_tennislive_source,tl-2026-06-08-ilkley-challenger-2026-harry-wendelken-vs-jack-pinnington-jones,tl,2026-06-08,2026-06-08T13:40:00.0000000Z,scheduled,ATP,Grass,https://www.tennislive.net/atp/match/harry-wendelken-VS-jack-pinnington-jones/ilkley-challenger-2026/,2,2
quarantine,match_not_attached_to_active_tennislive_source,tl-2026-06-08-ilkley-challenger-2026-kyrian-jacquet-vs-toby-samuel,tl,2026-06-08,2026-06-08T14:50:00.0000000Z,scheduled,ATP,Grass,https://www.tennislive.net/atp/match/kyrian-jacquet-VS-toby-samuel/ilkley-challenger-2026/,2,2
quarantine,match_not_attached_to_active_tennislive_source,tl-2026-06-08-ilkley-challenger-2026-mark-lajal-vs-paul-jubb,tl,2026-06-08,2026-06-08T10:10:00.0000000Z,scheduled,ATP,Grass,https://www.tennislive.net/atp/match/mark-lajal-VS-paul-jubb/ilkley-challenger-2026/,2,2
quarantine,match_not_attached_to_active_tennislive_source,tl-2026-06-08-ilkley-challenger-2026-rio-noguchi-vs-keegan-smith,tl,2026-06-08,2026-06-08T10:45:00.0000000Z,scheduled,ATP,Grass,https://www.tennislive.net/atp/match/rio-noguchi-VS-keegan-smith/ilkley-challenger-2026/,2,2
quarantine,match_not_attached_to_active_tennislive_source,tl-2026-06-08-ilkley-challenger-2026-ugo-blanchet-vs-oliver-tarvet,tl,2026-06-08,2026-06-08T13:40:00.0000000Z,scheduled,ATP,Grass,https://www.tennislive.net/atp/match/ugo-blanchet-VS-oliver-tarvet/ilkley-challenger-2026/,2,2
quarantine,match_not_attached_to_active_tennislive_source,tl-2026-06-08-lyon-challenger-2026-alex-martinez-vs-alejo-sanchez-quilez,tl,2026-06-08,2026-06-08T09:10:00.0000000Z,scheduled,ATP,Clay,https://www.tennislive.net/atp/match/alex-martinez-VS-alejo-sanchez-quilez/lyon-challenger-2026/,2,2
quarantine,match_not_attached_to_active_tennislive_source,tl-2026-06-08-lyon-challenger-2026-david-jorda-sanchis-vs-svyatoslav-gulin,tl,2026-06-08,,scheduled,ATP,Clay,https://www.tennislive.net/atp/match/david-jorda-sanchis-VS-svyatoslav-gulin/lyon-challenger-2026/,2,2
quarantine,match_not_attached_to_active_tennislive_source,tl-2026-06-08-lyon-challenger-2026-hugo-grenier-vs-luca-van-assche,tl,2026-06-08,2026-06-08T15:15:00.0000000Z,scheduled,ATP,Clay,https://www.tennislive.net/atp/match/hugo-grenier-VS-luca-van-assche/lyon-challenger-2026/,2,2
quarantine,match_not_attached_to_active_tennislive_source,tl-2026-06-08-lyon-challenger-2026-laslo-djere-vs-kimmer-coppejans,tl,2026-06-08,2026-06-08T11:30:00.0000000Z,scheduled,ATP,Clay,https://www.tennislive.net/atp/match/laslo-djere-VS-kimmer-coppejans/lyon-challenger-2026/,2,2
quarantine,match_not_attached_to_active_tennislive_source,tl-2026-06-08-lyon-challenger-2026-lorenzo-giustino-vs-daniel-rincon,tl,2026-06-08,2026-06-08T15:15:00.0000000Z,scheduled,ATP,Clay,https://www.tennislive.net/atp/match/lorenzo-giustino-VS-daniel-rincon/lyon-challenger-2026/,2,2
quarantine,match_not_attached_to_active_tennislive_source,tl-2026-06-08-lyon-challenger-2026-lucas-poullain-vs-raphael-perot,tl,2026-06-08,2026-06-08T08:00:00.0000000Z,scheduled,ATP,Clay,https://www.tennislive.net/atp/match/lucas-poullain-VS-raphael-perot/lyon-challenger-2026/,2,2
quarantine,match_not_attached_to_active_tennislive_source,tl-2026-06-08-san-miguel-de-tucuman-challenger-2026-benjamin-chelia-vs-tomas-martinez,tl,2026-06-08,2026-06-08T15:00:00.0000000Z,scheduled,ATP,Clay,https://www.tennislive.net/atp/match/benjamin-chelia-VS-tomas-martinez/san-miguel-de-tucuman-challenger-2026/,2,2
quarantine,match_not_attached_to_active_tennislive_source,tl-2026-06-08-san-miguel-de-tucuman-challenger-2026-eduardo-ribeiro-vs-santiago-de-la-fuente,tl,2026-06-08,2026-06-08T17:00:00.0000000Z,scheduled,ATP,Clay,https://www.tennislive.net/atp/match/eduardo-ribeiro-VS-santiago-de-la-fuente/san-miguel-de-tucuman-challenger-2026/,2,2
quarantine,match_not_attached_to_active_tennislive_source,tl-2026-06-08-san-miguel-de-tucuman-challenger-2026-facundo-mena-vs-lorenzo-joaquin-rodriguez,tl,2026-06-08,2026-06-08T18:10:00.0000000Z,scheduled,ATP,Clay,https://www.tennislive.net/atp/match/facundo-mena-VS-lorenzo-joaquin-rodriguez/san-miguel-de-tucuman-challenger-2026/,2,2
quarantine,match_not_attached_to_active_tennislive_source,tl-2026-06-08-san-miguel-de-tucuman-challenger-2026-johan-alexander-rodriguez-vs-wilson-leite,tl,2026-06-08,2026-06-08T13:00:00.0000000Z,scheduled,ATP,Clay,https://www.tennislive.net/atp/match/johan-alexander-rodriguez-rodriguez-VS-wilson-leite/san-miguel-de-tucuman-challenger-2026/,2,2
quarantine,match_not_attached_to_active_tennislive_source,tl-2026-06-08-san-miguel-de-tucuman-challenger-2026-juan-sebastian-gomez-vs-luciano-emanuel-ambrogi,tl,2026-06-08,2026-06-08T17:00:00.0000000Z,scheduled,ATP,Clay,https://www.tennislive.net/atp/match/juan-sebastian-gomez-VS-luciano-emanuel-ambrogi/san-miguel-de-tucuman-challenger-2026/,2,2
quarantine,match_not_attached_to_active_tennislive_source,tl-2026-06-08-san-miguel-de-tucuman-challenger-2026-samuel-heredia-vs-julian-cundom,tl,2026-06-08,2026-06-08T13:00:00.0000000Z,scheduled,ATP,Clay,https://www.tennislive.net/atp/match/samuel-heredia-VS-julian-cundom/san-miguel-de-tucuman-challenger-2026/,2,2
quarantine,match_not_attached_to_active_tennislive_source,tl-2026-06-08-san-miguel-de-tucuman-challenger-2026-santiago-giamichelle-vs-thiago-cigarran,tl,2026-06-08,2026-06-08T15:00:00.0000000Z,scheduled,ATP,Clay,https://www.tennislive.net/atp/match/santiago-giamichelle-VS-thiago-cigarran/san-miguel-de-tucuman-challenger-2026/,2,2
quarantine,match_not_attached_to_active_tennislive_source,dk-atp-challenger-cattolica-qualifiers-aleksandr-braynin-vs-sergio-callejon-hernando-2026-06-07,dk,2026-06-07,2026-06-07T08:30:00.0000000Z,scheduled,ATP,Clay,34251931,2,2
quarantine,match_not_attached_to_active_tennislive_source,dk-atp-challenger-cattolica-qualifiers-carlo-alberto-caniato-vs-giuseppe-la-vela-2026-06-07,dk,2026-06-07,2026-06-07T12:00:00.0000000Z,scheduled,ATP,Clay,34251937,2,2
quarantine,match_not_attached_to_active_tennislive_source,dk-atp-challenger-cattolica-qualifiers-carlos-sanchez-jover-vs-gerard-campana-lee-2026-06-07,dk,2026-06-07,2026-06-07T09:40:00.0000000Z,scheduled,ATP,Clay,34251936,2,2
quarantine,match_not_attached_to_active_tennislive_source,dk-atp-challenger-cattolica-qualifiers-francesco-forti-vs-luca-castagnola-2026-06-07,dk,2026-06-07,2026-06-07T10:50:00.0000000Z,scheduled,ATP,Clay,34251930,2,2
quarantine,match_not_attached_to_active_tennislive_source,dk-atp-challenger-cattolica-qualifiers-gabriele-bosio-vs-gianmarco-ferrari-2026-06-07,dk,2026-06-07,2026-06-07T08:30:00.0000000Z,scheduled,ATP,Clay,34251935,2,2
quarantine,match_not_attached_to_active_tennislive_source,dk-atp-challenger-cattolica-qualifiers-giovanni-oradini-vs-samuele-pieri-2026-06-07,dk,2026-06-07,2026-06-07T10:50:00.0000000Z,scheduled,ATP,Clay,34251929,2,2
quarantine,match_not_attached_to_active_tennislive_source,dk-atp-challenger-cattolica-qualifiers-lorenzo-rottoli-vs-juan-cruz-martin-manzano-2026-06-07,dk,2026-06-07,2026-06-07T10:50:00.0000000Z,scheduled,ATP,Clay,34251934,2,2
quarantine,match_not_attached_to_active_tennislive_source,dk-atp-challenger-cattolica-qualifiers-lucio-ratti-vs-filippo-mazzola-2026-06-07,dk,2026-06-07,2026-06-07T09:40:00.0000000Z,scheduled,ATP,Clay,34251928,2,2
quarantine,match_not_attached_to_active_tennislive_source,dk-atp-challenger-cattolica-qualifiers-manuel-mazza-vs-lorenzo-carboni-2026-06-07,dk,2026-06-07,2026-06-07T09:40:00.0000000Z,scheduled,ATP,Clay,34251932,2,2
quarantine,match_not_attached_to_active_tennislive_source,dk-atp-challenger-cattolica-qualifiers-peter-fajta-vs-miguel-tobon-2026-06-07,dk,2026-06-07,2026-06-07T12:00:00.0000000Z,scheduled,ATP,Clay,34251933,2,2
quarantine,match_not_attached_to_active_tennislive_source,dk-atp-challenger-cattolica-qualifiers-petr-nesterov-vs-michele-mecarelli-2026-06-07,dk,2026-06-07,2026-06-07T08:30:00.0000000Z,scheduled,ATP,Clay,34251938,2,2
quarantine,match_not_attached_to_active_tennislive_source,dk-atp-challenger-centurion-2-philip-henning-vs-alexander-donski-2026-06-07,dk,2026-06-07,2026-06-07T10:00:00.0000000Z,scheduled,ATP,Hard,34251384,2,2
quarantine,match_not_attached_to_active_tennislive_source,dk-atp-challenger-heilbronn-luka-mikrut-vs-emilio-nava-2026-06-07,dk,2026-06-07,2026-06-07T12:00:00.0000000Z,scheduled,ATP,Clay,34250934,2,2
quarantine,match_not_attached_to_active_tennislive_source,dk-atp-challenger-perugia-henrique-rocha-vs-daniel-merida-aguilar-2026-06-07,dk,2026-06-07,2026-06-07T18:30:00.0000000Z,scheduled,ATP,Clay,34252357,2,2
quarantine,match_not_attached_to_active_tennislive_source,dk-atp-challenger-prostejov-sebastian-baez-vs-alex-molcan-2026-06-07,dk,2026-06-07,2026-06-07T09:00:00.0000000Z,scheduled,ATP,Clay,34250293,2,2
quarantine,match_not_attached_to_active_tennislive_source,dk-atp-challenger-quals-bratislava-akira-santillan-vs-marko-bekeni-2026-06-07,dk,2026-06-07,2026-06-07T10:50:00.0000000Z,scheduled,ATP,Clay,34251919,2,2
quarantine,match_not_attached_to_active_tennislive_source,dk-atp-challenger-quals-bratislava-alex-marti-pujolras-vs-benjamin-hassan-2026-06-07,dk,2026-06-07,2026-06-07T08:30:00.0000000Z,scheduled,ATP,Clay,34251920,2,2
quarantine,match_not_attached_to_active_tennislive_source,dk-atp-challenger-quals-bratislava-buvaysar-gadamauri-vs-matthew-william-donald-2026-06-07,dk,2026-06-07,2026-06-07T09:40:00.0000000Z,scheduled,ATP,Clay,34251924,2,2
quarantine,match_not_attached_to_active_tennislive_source,dk-atp-challenger-quals-bratislava-daniel-michalski-vs-andrej-martin-2026-06-07,dk,2026-06-07,2026-06-07T08:30:00.0000000Z,scheduled,ATP,Clay,34251921,2,2
quarantine,match_not_attached_to_active_tennislive_source,dk-atp-challenger-quals-bratislava-fares-zakaria-vs-mathys-erhard-2026-06-07,dk,2026-06-07,2026-06-07T09:40:00.0000000Z,scheduled,ATP,Clay,34251922,2,2
quarantine,match_not_attached_to_active_tennislive_source,dk-atp-challenger-quals-bratislava-hynek-barton-vs-sebastian-sorger-2026-06-07,dk,2026-06-07,2026-06-07T12:00:00.0000000Z,scheduled,ATP,Clay,34251925,2,2
quarantine,match_not_attached_to_active_tennislive_source,dk-atp-challenger-quals-bratislava-lukas-neumayer-vs-michal-krajci-2026-06-07,dk,2026-06-07,2026-06-07T10:50:00.0000000Z,scheduled,ATP,Clay,34251927,2,2
quarantine,match_not_attached_to_active_tennislive_source,dk-atp-challenger-quals-bratislava-martin-krumich-vs-viktor-durasovic-2026-06-07,dk,2026-06-07,2026-06-07T08:30:00.0000000Z,scheduled,ATP,Clay,34251923,2,2
quarantine,match_not_attached_to_active_tennislive_source,dk-atp-challenger-quals-bratislava-max-lorincik-vs-abdullah-shelbayh-2026-06-07,dk,2026-06-07,2026-06-07T12:00:00.0000000Z,scheduled,ATP,Clay,34252571,2,2
quarantine,match_not_attached_to_active_tennislive_source,dk-atp-challenger-quals-bratislava-tomas-lanik-vs-taro-daniel-2026-06-07,dk,2026-06-07,2026-06-07T09:40:00.0000000Z,scheduled,ATP,Clay,34251926,2,2
quarantine,match_not_attached_to_active_tennislive_source,dk-atp-challenger-quals-ilkley-dan-evans-vs-james-watt-2026-06-07,dk,2026-06-07,2026-06-07T11:10:00.0000000Z,scheduled,ATP,Grass,34252391,2,2
quarantine,match_not_attached_to_active_tennislive_source,dk-atp-challenger-quals-ilkley-edward-winter-vs-alastair-gray-2026-06-07,dk,2026-06-07,2026-06-07T12:20:00.0000000Z,scheduled,ATP,Grass,34252389,2,2
quarantine,match_not_attached_to_active_tennislive_source,dk-atp-challenger-quals-ilkley-finn-bass-vs-keegan-smith-2026-06-07,dk,2026-06-07,2026-06-07T10:00:00.0000000Z,scheduled,ATP,Grass,34252392,2,2
quarantine,match_not_attached_to_active_tennislive_source,dk-atp-challenger-quals-ilkley-mark-lajal-vs-anton-matusevich-2026-06-07,dk,2026-06-07,2026-06-07T10:00:00.0000000Z,scheduled,ATP,Grass,34252394,2,2
quarantine,match_not_attached_to_active_tennislive_source,dk-atp-challenger-quals-ilkley-max-basing-vs-paul-jubb-2026-06-07,dk,2026-06-07,2026-06-07T10:00:00.0000000Z,scheduled,ATP,Grass,34252396,2,2
quarantine,match_not_attached_to_active_tennislive_source,dk-atp-challenger-quals-ilkley-michael-mmoh-vs-filippo-romano-2026-06-07,dk,2026-06-07,2026-06-07T13:30:00.0000000Z,scheduled,ATP,Grass,34252397,2,2
quarantine,match_not_attached_to_active_tennislive_source,dk-atp-challenger-quals-ilkley-millen-hurrion-vs-hamish-stewart-2026-06-07,dk,2026-06-07,2026-06-07T12:20:00.0000000Z,scheduled,ATP,Grass,34252387,2,2
quarantine,match_not_attached_to_active_tennislive_source,dk-atp-challenger-quals-ilkley-oliver-crawford-vs-mark-ceban-2026-06-07,dk,2026-06-07,2026-06-07T12:20:00.0000000Z,scheduled,ATP,Grass,34252395,2,2
quarantine,match_not_attached_to_active_tennislive_source,dk-atp-challenger-quals-ilkley-oliver-okonkwo-vs-antoine-ghibaudo-2026-06-07,dk,2026-06-07,2026-06-07T13:30:00.0000000Z,scheduled,ATP,Grass,34252386,2,2
quarantine,match_not_attached_to_active_tennislive_source,dk-atp-challenger-quals-ilkley-quinn-vandecasteele-vs-charles-broom-2026-06-07,dk,2026-06-07,2026-06-07T11:10:00.0000000Z,scheduled,ATP,Grass,34252390,2,2
quarantine,match_not_attached_to_active_tennislive_source,dk-atp-challenger-quals-ilkley-rio-noguchi-vs-patrick-brady-2026-06-07,dk,2026-06-07,2026-06-07T11:10:00.0000000Z,scheduled,ATP,Grass,34252393,2,2
quarantine,match_not_attached_to_active_tennislive_source,dk-atp-challenger-quals-ilkley-yi-zhou-vs-ben-jones-2026-06-07,dk,2026-06-07,2026-06-07T16:30:00.0000000Z,scheduled,ATP,Grass,34252388,2,2
quarantine,match_not_attached_to_active_tennislive_source,dk-atp-challenger-quals-lyon-alex-martinez-vs-nitin-kumar-sinha-2026-06-07,dk,2026-06-07,2026-06-07T10:20:00.0000000Z,scheduled,ATP,Clay,34251948,2,2
quarantine,match_not_attached_to_active_tennislive_source,dk-atp-challenger-quals-lyon-andrea-baudel-vs-alejo-sanchez-quilez-2026-06-07,dk,2026-06-07,2026-06-07T10:20:00.0000000Z,scheduled,ATP,Clay,34251946,2,2
quarantine,match_not_attached_to_active_tennislive_source,dk-atp-challenger-quals-lyon-david-jorda-sanchis-vs-s-d-prajwal-dev-2026-06-07,dk,2026-06-07,2026-06-07T09:10:00.0000000Z,scheduled,ATP,Clay,34251947,2,2
quarantine,match_not_attached_to_active_tennislive_source,dk-atp-challenger-quals-lyon-geoffrey-blancaneaux-vs-luca-staeheli-2026-06-07,dk,2026-06-07,2026-06-07T08:00:00.0000000Z,scheduled,ATP,Clay,34251942,2,2
quarantine,match_not_attached_to_active_tennislive_source,dk-atp-challenger-quals-lyon-jules-fabre-vs-johan-nikles-2026-06-07,dk,2026-06-07,2026-06-07T11:30:00.0000000Z,scheduled,ATP,Clay,34251945,2,2
quarantine,match_not_attached_to_active_tennislive_source,dk-atp-challenger-quals-lyon-lucas-poullain-vs-loann-massard-2026-06-07,dk,2026-06-07,2026-06-07T08:00:00.0000000Z,scheduled,ATP,Clay,34251949,2,2
quarantine,match_not_attached_to_active_tennislive_source,dk-atp-challenger-quals-lyon-mariano-kestelboim-vs-iliyan-radulov-2026-06-07,dk,2026-06-07,2026-06-07T08:00:00.0000000Z,scheduled,ATP,Clay,34251941,2,2
quarantine,match_not_attached_to_active_tennislive_source,dk-atp-challenger-quals-lyon-matteo-martineau-vs-mae-malige-2026-06-07,dk,2026-06-07,2026-06-07T11:30:00.0000000Z,scheduled,ATP,Clay,34251940,2,2
quarantine,match_not_attached_to_active_tennislive_source,dk-atp-challenger-quals-lyon-max-alcala-gurri-vs-kenny-de-schepper-2026-06-07,dk,2026-06-07,2026-06-07T10:20:00.0000000Z,scheduled,ATP,Clay,34251944,2,2
quarantine,match_not_attached_to_active_tennislive_source,dk-atp-challenger-quals-lyon-maxime-janvier-vs-laurent-lokoli-2026-06-07,dk,2026-06-07,2026-06-07T11:30:00.0000000Z,scheduled,ATP,Clay,34251939,2,2
quarantine,match_not_attached_to_active_tennislive_source,dk-atp-challenger-quals-lyon-noah-karma-vs-raphael-perot-2026-06-07,dk,2026-06-07,2026-06-07T09:10:00.0000000Z,scheduled,ATP,Clay,34251943,2,2
quarantine,match_not_attached_to_active_tennislive_source,dk-atp-challenger-tyler-adam-walton-vs-andre-ilagan-2026-06-07,dk,2026-06-07,2026-06-07T17:05:00.0000000Z,scheduled,ATP,Hard,34251706,2,2
quarantine,match_not_attached_to_active_tennislive_source,dk-atp-french-open-m-flavio-cobolli-vs-alexander-zverev-2026-06-07,dk,2026-06-07,2026-06-07T13:00:00.0000000Z,scheduled,ATP,Clay,34247108,2,2
quarantine,match_not_attached_to_active_tennislive_source,dk-wta-wta-birmingham-alexandra-eala-vs-nikola-bartunkova-2026-06-07,dk,2026-06-07,2026-06-07T10:30:00.0000000Z,scheduled,WTA,Grass,34251391,2,2
quarantine,match_not_attached_to_active_tennislive_source,dk-wta-wta-foggia-leyre-romero-gormaz-vs-tyra-caterina-grant-2026-06-07,dk,2026-06-07,2026-06-07T16:30:00.0000000Z,scheduled,WTA,Clay,34251707,2,2
quarantine,match_not_attached_to_active_tennislive_source,dk-wta-wta-makarska-darja-semenistaja-vs-maria-timofeeva-2026-06-07,dk,2026-06-07,2026-06-07T18:00:00.0000000Z,scheduled,WTA,Clay,34251677,2,2
quarantine,match_not_attached_to_active_tennislive_source,dk-wta-wta-modena-qualifiers-jazmin-ortenzi-vs-viola-turini-2026-06-07,dk,2026-06-07,2026-06-07T08:00:00.0000000Z,scheduled,WTA,Clay,34251682,2,2
quarantine,match_not_attached_to_active_tennislive_source,dk-wta-wta-modena-qualifiers-noemi-basiletti-vs-beatrice-ricci-2026-06-07,dk,2026-06-07,2026-06-07T13:30:00.0000000Z,scheduled,WTA,Clay,34251680,2,2
quarantine,match_not_attached_to_active_tennislive_source,dk-wta-wta-modena-qualifiers-tiantsoa-sarah-rakotomanga-rajaonah-vs-chloe-paquet-2026-06-07,dk,2026-06-07,2026-06-07T09:30:00.0000000Z,scheduled,WTA,Clay,34251681,2,2
quarantine,match_not_attached_to_active_tennislive_source,dk-wta-wta-modena-qualifiers-victoria-bosio-vs-francesca-pace-2026-06-07,dk,2026-06-07,2026-06-07T11:00:00.0000000Z,scheduled,WTA,Clay,34251683,2,2
quarantine,match_not_attached_to_active_tennislive_source,dk-wta-wta-quals-hertogenbosch-ella-seidel-vs-greet-minnen-2026-06-07,dk,2026-06-07,2026-06-07T09:00:00.0000000Z,scheduled,WTA,Grass,34251347,2,2
quarantine,match_not_attached_to_active_tennislive_source,dk-wta-wta-quals-hertogenbosch-hanne-vandewinkel-vs-anouk-koevermans-2026-06-07,dk,2026-06-07,2026-06-07T09:00:00.0000000Z,scheduled,WTA,Grass,34251346,2,2
quarantine,match_not_attached_to_active_tennislive_source,dk-wta-wta-quals-hertogenbosch-katie-volynets-vs-lin-zhu-2026-06-07,dk,2026-06-07,2026-06-07T10:30:00.0000000Z,scheduled,WTA,Grass,34251345,2,2
quarantine,match_not_attached_to_active_tennislive_source,dk-wta-wta-quals-hertogenbosch-robin-montgomery-vs-joanna-garland-2026-06-07,dk,2026-06-07,2026-06-07T12:00:00.0000000Z,scheduled,WTA,Grass,34251708,2,2
quarantine,match_not_attached_to_active_tennislive_source,dk-wta-wta-quals-ilkley-brooke-anna-black-vs-tereza-martincova-2026-06-07,dk,2026-06-07,2026-06-07T13:00:00.0000000Z,scheduled,WTA,Grass,34252380,2,2
quarantine,match_not_attached_to_active_tennislive_source,dk-wta-wta-quals-ilkley-celine-naef-vs-hiroko-kuwata-2026-06-07,dk,2026-06-07,2026-06-07T11:30:00.0000000Z,scheduled,WTA,Grass,34252385,2,2
quarantine,match_not_attached_to_active_tennislive_source,dk-wta-wta-quals-ilkley-edie-griffiths-vs-naiktha-bains-2026-06-07,dk,2026-06-07,2026-06-07T14:30:00.0000000Z,scheduled,WTA,Grass,34252384,2,2
quarantine,match_not_attached_to_active_tennislive_source,dk-wta-wta-quals-ilkley-elena-pridankina-vs-ella-mcdonald-2026-06-07,dk,2026-06-07,2026-06-07T10:00:00.0000000Z,scheduled,WTA,Grass,34252353,2,2
quarantine,match_not_attached_to_active_tennislive_source,dk-wta-wta-quals-ilkley-harmony-tan-vs-amelia-rajecki-2026-06-07,dk,2026-06-07,2026-06-07T10:00:00.0000000Z,scheduled,WTA,Grass,34252377,2,2
quarantine,match_not_attached_to_active_tennislive_source,dk-wta-wta-quals-ilkley-iryna-shymanovich-vs-savannah-dada-mascoll-2026-06-07,dk,2026-06-07,2026-06-07T13:00:00.0000000Z,scheduled,WTA,Grass,34252378,2,2
quarantine,match_not_attached_to_active_tennislive_source,dk-wta-wta-quals-ilkley-katy-dunne-vs-momoko-kobori-2026-06-07,dk,2026-06-07,2026-06-07T11:00:00.0000000Z,scheduled,WTA,Grass,34252352,2,2
quarantine,match_not_attached_to_active_tennislive_source,dk-wta-wta-quals-ilkley-kayla-cross-vs-megan-knight-2026-06-07,dk,2026-06-07,2026-06-07T14:00:00.0000000Z,scheduled,WTA,Grass,34252379,2,2
quarantine,match_not_attached_to_active_tennislive_source,dk-wta-wta-quals-ilkley-maria-kozyreva-vs-clervie-ngounoue-2026-06-07,dk,2026-06-07,2026-06-07T12:30:00.0000000Z,scheduled,WTA,Grass,34252381,2,2
quarantine,match_not_attached_to_active_tennislive_source,dk-wta-wta-quals-ilkley-ranah-akua-stoiber-vs-victoria-allen-2026-06-07,dk,2026-06-07,2026-06-07T11:30:00.0000000Z,scheduled,WTA,Grass,34252383,2,2
quarantine,match_not_attached_to_active_tennislive_source,dk-wta-wta-quals-ilkley-tegan-bush-vs-emily-appleton-2026-06-07,dk,2026-06-07,2026-06-07T10:00:00.0000000Z,scheduled,WTA,Grass,34252351,2,2
quarantine,match_not_attached_to_active_tennislive_source,dk-wta-wta-quals-ilkley-vendula-valdmannova-vs-sayaka-ishii-2026-06-07,dk,2026-06-07,2026-06-07T14:30:00.0000000Z,scheduled,WTA,Grass,34252382,2,2
quarantine,match_not_attached_to_active_tennislive_source,dk-wta-wta-quals-london-donna-vekic-vs-carole-monnet-2026-06-07,dk,2026-06-07,2026-06-07T09:30:00.0000000Z,scheduled,WTA,Grass,34248712,2,2
quarantine,match_not_attached_to_active_tennislive_source,dk-wta-wta-quals-london-ekaterine-gorgodze-vs-kamilla-rakhimova-2026-06-07,dk,2026-06-07,2026-06-07T12:30:00.0000000Z,scheduled,WTA,Grass,34248706,2,2
quarantine,match_not_attached_to_active_tennislive_source,dk-wta-wta-quals-london-elsa-jacquemot-vs-hanyu-guo-2026-06-07,dk,2026-06-07,2026-06-07T12:30:00.0000000Z,scheduled,WTA,Grass,34248707,2,2
quarantine,match_not_attached_to_active_tennislive_source,dk-wta-wta-quals-london-jodie-anna-burrage-vs-anna-blinkova-2026-06-07,dk,2026-06-07,2026-06-07T09:30:00.0000000Z,scheduled,WTA,Grass,34248752,2,2
quarantine,match_not_attached_to_active_tennislive_source,dk-wta-wta-quals-london-maddison-inglis-vs-alycia-parks-2026-06-07,dk,2026-06-07,2026-06-07T12:30:00.0000000Z,scheduled,WTA,Grass,34248708,2,2
quarantine,match_not_attached_to_active_tennislive_source,dk-wta-wta-quals-london-priscilla-hon-vs-polina-kudermetova-2026-06-07,dk,2026-06-07,2026-06-07T09:30:00.0000000Z,scheduled,WTA,Grass,34248710,2,2
quarantine,match_not_attached_to_active_tennislive_source,dk-wta-wta-quals-london-talia-gibson-vs-alina-charaeva-2026-06-07,dk,2026-06-07,2026-06-07T09:30:00.0000000Z,scheduled,WTA,Grass,34248713,2,2
quarantine,match_not_attached_to_active_tennislive_source,dk-wta-wta-quals-london-tatjana-maria-vs-yuriko-lily-miyazaki-2026-06-07,dk,2026-06-07,2026-06-07T12:30:00.0000000Z,scheduled,WTA,Grass,34248711,2,2
quarantine,match_not_attached_to_active_tennislive_source,rh-atp-challenger-bad-rappenau-mikrut-vs-nava-2026-06-07,rh,2026-06-07,2026-06-07T12:00:00Z,scheduled,ATP,Clay,667844c0-a62e-4953-ac9a-7330eb45447a,2,2
quarantine,match_not_attached_to_active_tennislive_source,rh-atp-challenger-centurion-2-henning-vs-donski-2026-06-07,rh,2026-06-07,2026-06-07T10:00:00Z,scheduled,ATP,Hard,e8becd57-5b2c-4aaa-a322-0000c57df9f2,2,2
quarantine,match_not_attached_to_active_tennislive_source,rh-atp-challenger-prostejov-baez-vs-molcan-2026-06-07,rh,2026-06-07,2026-06-07T09:00:00Z,scheduled,ATP,Clay,2e62e8ca-7232-4cd5-966a-cee6ecbd36dd,2,2
quarantine,match_not_attached_to_active_tennislive_source,rh-atp-challenger-tyler-walton-vs-ilagan-2026-06-07,rh,2026-06-07,2026-06-07T17:00:00Z,scheduled,ATP,Hard,796288a4-08d9-4ef5-90c3-996608ef668e,2,2
quarantine,match_not_attached_to_active_tennislive_source,rh-wta-125k-birmingham-eala-vs-bartunkova-2026-06-07,rh,2026-06-07,2026-06-07T10:30:00Z,scheduled,WTA,Grass,eeed6ff6-def4-44ad-bb5d-83f94c78dbcc,2,2
quarantine,match_not_attached_to_active_tennislive_source,rh-wta-125k-foggia-romero-gormaz-vs-grant-2026-06-07,rh,2026-06-07,2026-06-07T16:30:00Z,scheduled,WTA,Clay,b20a02af-a86e-4de7-8229-119ec945af33,2,2
quarantine,match_not_attached_to_active_tennislive_source,rh-wta-125k-makarska-semenistaja-vs-timofeeva-2026-06-07,rh,2026-06-07,2026-06-07T18:00:00Z,scheduled,WTA,Clay,a22fb2cf-418c-45b5-be7b-78a0f9630ad7,2,2
