bucket,reason,prediction_row_id,model_run_id,match_id,id_prefix,lane,market_type,selection,confidence,ev_cents,created_at
quarantine,ten_t0_market_only_row_captured_as_prediction,pred-f5e6b1def15e9d8ebed8e5a9132cb4ad,tennis-TEN-T0-2026-06-07-db,dk-atp-challenger-quals-bratislava-max-lorincik-vs-abdullah-shelbayh-2026-06-07,dk,ml,match_winner,Abdullah Shelbayh,50.0,,2026-06-07T07:49:43.495Z
quarantine,ten_t0_market_only_row_captured_as_prediction,pred-8a6674d2b47a318bcfd90b1e605cdded,tennis-TEN-T0-2026-06-07-db,dk-atp-challenger-quals-ilkley-dan-evans-vs-james-watt-2026-06-07,dk,ml,match_winner,James Watt,59.5,,2026-06-07T07:49:43.495Z
quarantine,ten_t0_market_only_row_captured_as_prediction,pred-779b0f7724e4fe05f57ccb1fcfb37b59,tennis-TEN-T0-2026-06-07-db,dk-atp-challenger-quals-ilkley-edward-winter-vs-alastair-gray-2026-06-07,dk,ml,match_winner,Alastair Gray,72.1,,2026-06-07T07:49:43.495Z
quarantine,ten_t0_market_only_row_captured_as_prediction,pred-5843374696c2c466fb17d988c4c672cc,tennis-TEN-T0-2026-06-07-db,dk-atp-challenger-quals-ilkley-finn-bass-vs-keegan-smith-2026-06-07,dk,ml,match_winner,Keegan Smith,82.6,,2026-06-07T07:49:43.495Z
quarantine,ten_t0_market_only_row_captured_as_prediction,pred-0ca1689a6d21b26646a2cd3187c5983d,tennis-TEN-T0-2026-06-07-db,dk-atp-challenger-quals-ilkley-max-basing-vs-paul-jubb-2026-06-07,dk,ml,match_winner,Paul Jubb,61.5,,2026-06-07T07:49:43.495Z
quarantine,ten_t0_market_only_row_captured_as_prediction,pred-fb7aae84f012329ad6f767070a2a1491,tennis-TEN-T0-2026-06-07-db,dk-atp-challenger-quals-ilkley-millen-hurrion-vs-hamish-stewart-2026-06-07,dk,ml,match_winner,Hamish Stewart,80.9,,2026-06-07T07:49:43.495Z
quarantine,ten_t0_market_only_row_captured_as_prediction,pred-bed0bd17ccb6a5d8ced86b9b1952ae82,tennis-TEN-T0-2026-06-07-db,dk-atp-challenger-quals-ilkley-oliver-crawford-vs-mark-ceban-2026-06-07,dk,ml,match_winner,Oliver Crawford,97.4,,2026-06-07T07:49:43.495Z
quarantine,ten_t0_market_only_row_captured_as_prediction,pred-c13ba64d3232f3e63b1113312bf5f7cd,tennis-TEN-T0-2026-06-07-db,dk-atp-challenger-quals-ilkley-oliver-okonkwo-vs-antoine-ghibaudo-2026-06-07,dk,ml,match_winner,Antoine Ghibaudo,87.0,,2026-06-07T07:49:43.495Z
quarantine,ten_t0_market_only_row_captured_as_prediction,pred-650e12bb3311642e407d79cd39cb13c0,tennis-TEN-T0-2026-06-07-db,dk-atp-challenger-quals-ilkley-quinn-vandecasteele-vs-charles-broom-2026-06-07,dk,ml,match_winner,Charles Broom,82.0,,2026-06-07T07:49:43.495Z
quarantine,ten_t0_market_only_row_captured_as_prediction,pred-89080723b17daecd6c759b6b1bde34e1,tennis-TEN-T0-2026-06-07-db,dk-atp-challenger-quals-ilkley-rio-noguchi-vs-patrick-brady-2026-06-07,dk,ml,match_winner,Rio Noguchi,61.5,,2026-06-07T07:49:43.495Z
quarantine,ten_t0_market_only_row_captured_as_prediction,pred-eafbda08f84ea2a8c7cd605537b3b8cf,tennis-TEN-T0-2026-06-07-db,dk-atp-challenger-quals-ilkley-yi-zhou-vs-ben-jones-2026-06-07,dk,ml,match_winner,Yi Zhou,70.4,,2026-06-07T07:49:43.495Z
quarantine,ten_t0_market_only_row_captured_as_prediction,pred-b287d020886e51c5f0b727ae5d6ac8dd,tennis-TEN-T0-2026-06-07-db,dk-wta-wta-quals-ilkley-brooke-anna-black-vs-tereza-martincova-2026-06-07,dk,ml,match_winner,Tereza Martincova,92.5,,2026-06-07T07:49:43.495Z
quarantine,ten_t0_market_only_row_captured_as_prediction,pred-8ddc687d244c44707878ce511f345a22,tennis-TEN-T0-2026-06-07-db,dk-wta-wta-quals-ilkley-celine-naef-vs-hiroko-kuwata-2026-06-07,dk,ml,match_winner,Celine Naef,50.0,,2026-06-07T07:49:43.495Z
quarantine,ten_t0_market_only_row_captured_as_prediction,pred-803f93066c8e34fae6bd168ea97e4391,tennis-TEN-T0-2026-06-07-db,dk-wta-wta-quals-ilkley-edie-griffiths-vs-naiktha-bains-2026-06-07,dk,ml,match_winner,Naiktha Bains,82.6,,2026-06-07T07:49:43.495Z
quarantine,ten_t0_market_only_row_captured_as_prediction,pred-2daa1613592f914d7c0ba7e220dfba26,tennis-TEN-T0-2026-06-07-db,dk-wta-wta-quals-ilkley-harmony-tan-vs-amelia-rajecki-2026-06-07,dk,ml,match_winner,Harmony Tan,81.2,,2026-06-07T07:49:43.495Z
quarantine,ten_t0_market_only_row_captured_as_prediction,pred-8a8c190c68d8705318f89c8e85fcab86,tennis-TEN-T0-2026-06-07-db,dk-wta-wta-quals-ilkley-iryna-shymanovich-vs-savannah-dada-mascoll-2026-06-07,dk,ml,match_winner,Iryna Shymanovich,98.1,,2026-06-07T07:49:43.495Z
quarantine,ten_t0_market_only_row_captured_as_prediction,pred-723ee5afab1561aa1e8b18c714c0b086,tennis-TEN-T0-2026-06-07-db,dk-wta-wta-quals-ilkley-katy-dunne-vs-momoko-kobori-2026-06-07,dk,ml,match_winner,Momoko Kobori,58.5,,2026-06-07T07:49:43.495Z
quarantine,ten_t0_market_only_row_captured_as_prediction,pred-1358d67dbf34bc5eb47d2bd54120df52,tennis-TEN-T0-2026-06-07-db,dk-wta-wta-quals-ilkley-kayla-cross-vs-megan-knight-2026-06-07,dk,ml,match_winner,Kayla Cross,98.0,,2026-06-07T07:49:43.495Z
quarantine,ten_t0_market_only_row_captured_as_prediction,pred-ddde86c57286abf8bfeb2fd19dcf8419,tennis-TEN-T0-2026-06-07-db,dk-wta-wta-quals-ilkley-maria-kozyreva-vs-clervie-ngounoue-2026-06-07,dk,ml,match_winner,Clervie Ngounoue,85.6,,2026-06-07T07:49:43.495Z
quarantine,ten_t0_market_only_row_captured_as_prediction,pred-0b5332046d0b7d994d95cb74e30372eb,tennis-TEN-T0-2026-06-07-db,dk-wta-wta-quals-ilkley-ranah-akua-stoiber-vs-victoria-allen-2026-06-07,dk,ml,match_winner,Victoria Allen,65.5,,2026-06-07T07:49:43.495Z
quarantine,ten_t0_market_only_row_captured_as_prediction,pred-6b5398ac82bf49f5b6da3763bb9c4554,tennis-TEN-T0-2026-06-07-db,dk-wta-wta-quals-ilkley-tegan-bush-vs-emily-appleton-2026-06-07,dk,ml,match_winner,Emily Appleton,91.7,,2026-06-07T07:49:43.495Z
quarantine,ten_t0_market_only_row_captured_as_prediction,pred-ab71778f59448df040fe5918e98304af,tennis-TEN-T0-2026-06-07-db,dk-wta-wta-quals-ilkley-vendula-valdmannova-vs-sayaka-ishii-2026-06-07,dk,ml,match_winner,Vendula Valdmannova,73.4,,2026-06-07T07:49:43.495Z
quarantine,ten_t0_market_only_row_captured_as_prediction,pred-f83d917f8f78b8975f30222bec21969d,tennis-TEN-T0-2026-06-08-db,dk-atp-challenger-bratislava-thanasi-kokkinakis-vs-marcelo-tomas-barrios-vera-2026-06-08,dk,ml,match_winner,Marcelo Tomas Barrios Vera,53.0,,2026-06-08T08:05:21.331Z
quarantine,ten_t0_market_only_row_captured_as_prediction,pred-b472ee1c73a618241a51b9a127ced591,tennis-TEN-T0-2026-06-08-db,dk-atp-challenger-bratislava-vitaliy-sachko-vs-yosuke-watanuki-2026-06-08,dk,ml,match_winner,Vitaliy Sachko,74.0,,2026-06-08T08:05:21.331Z
quarantine,ten_t0_market_only_row_captured_as_prediction,pred-bad7e96cca8fd5e374f5888ed6ac3b44,tennis-TEN-T0-2026-06-08-db,dk-atp-challenger-ilkley-kyrian-jacquet-vs-toby-samuel-2026-06-08,dk,ml,match_winner,Toby Samuel,65.0,,2026-06-08T08:05:21.331Z
quarantine,ten_t0_market_only_row_captured_as_prediction,pred-b344542ff6fa13e62e4a3ec90e5ed456,tennis-TEN-T0-2026-06-08-db,dk-atp-challenger-ilkley-tristan-schoolkate-vs-lloyd-harris-2026-06-08,dk,ml,match_winner,Lloyd Harris,60.0,,2026-06-08T08:05:21.331Z
quarantine,ten_t0_market_only_row_captured_as_prediction,pred-9c0664439204ce4a20046675ee015bcc,tennis-TEN-T0-2026-06-08-db,dk-atp-challenger-ilkley-ugo-blanchet-vs-oliver-tarvet-2026-06-08,dk,ml,match_winner,Oliver Tarvet,63.0,,2026-06-08T08:05:21.331Z
quarantine,ten_t0_market_only_row_captured_as_prediction,pred-9ff9e840f37379ed6abb3fa199c99994,tennis-TEN-T0-2026-06-08-db,dk-atp-challenger-lyon-luka-pavlovic-vs-daniel-elahi-galan-2026-06-08,dk,ml,match_winner,Luka Pavlovic,61.0,,2026-06-08T08:05:21.331Z
quarantine,ten_t0_market_only_row_captured_as_prediction,pred-c2546454149961d1af4f955811ffc81d,tennis-TEN-T0-2026-06-08-db,dk-atp-challenger-quals-bratislava-akira-santillan-vs-abdullah-shelbayh-2026-06-08,dk,ml,match_winner,Abdullah Shelbayh,62.0,,2026-06-08T08:05:21.331Z
quarantine,ten_t0_market_only_row_captured_as_prediction,pred-41e9aee1b5d7a98951a7617573775b41,tennis-TEN-T0-2026-06-08-db,dk-atp-challenger-quals-ilkley-dan-evans-vs-charles-broom-2026-06-08,dk,ml,match_winner,Charles Broom,62.5,,2026-06-08T08:05:21.331Z
quarantine,ten_t0_market_only_row_captured_as_prediction,pred-80767a184c3dc9668e4a67e2472bd7ea,tennis-TEN-T0-2026-06-08-db,dk-atp-challenger-quals-san-miguel-de-tucuman-benjamin-chelia-vs-tomas-martinez-2026-06-08,dk,ml,match_winner,Tomas Martinez,83.0,,2026-06-08T08:05:21.331Z
quarantine,ten_t0_market_only_row_captured_as_prediction,pred-03d073f26789ddc1646ca49d77799821,tennis-TEN-T0-2026-06-08-db,dk-atp-challenger-quals-san-miguel-de-tucuman-johan-alexander-rodriguez-rodriguez-vs-wilson-leite-2026-06-08,dk,ml,match_winner,Johan Alexander Rodriguez Rodriguez,71.0,,2026-06-08T08:05:21.331Z
quarantine,ten_t0_market_only_row_captured_as_prediction,pred-d06e9a66605d833ca82db5f1bbd95e90,tennis-TEN-T0-2026-06-08-db,dk-atp-challenger-quals-san-miguel-de-tucuman-nicolas-villalon-valdes-vs-ezequiel-monferrer-2026-06-08,dk,ml,match_winner,Nicolas Villalon Valdes,68.0,,2026-06-08T08:05:21.331Z
quarantine,ten_t0_market_only_row_captured_as_prediction,pred-ef815c4808f898be802ec45a0e90ff14,tennis-TEN-T0-2026-06-08-db,dk-atp-challenger-quals-san-miguel-de-tucuman-santiago-giamichelle-vs-thiago-cigarran-2026-06-08,dk,ml,match_winner,Santiago Giamichelle,61.0,,2026-06-08T08:05:21.331Z
quarantine,ten_t0_market_only_row_captured_as_prediction,pred-ad5d15d8f7c5827bc2d4e805c4a57ba0,tennis-TEN-T0-2026-06-08-db,dk-atp-challenger-san-miguel-de-tucuman-karim-bennani-vs-santiago-rodriguez-taverna-2026-06-08,dk,ml,match_winner,Santiago Rodriguez Taverna,54.5,,2026-06-08T08:05:21.331Z
quarantine,ten_t0_market_only_row_captured_as_prediction,pred-5674684f823e4227ba0425d119b7fb36,tennis-TEN-T0-2026-06-08-db,dk-wta-wta-hertogenbosch-bianca-andreescu-vs-elise-mertens-2026-06-08,dk,ml,match_winner,Elise Mertens,74.0,,2026-06-08T08:05:21.331Z
quarantine,ten_t0_market_only_row_captured_as_prediction,pred-5aa0eebde268b0f212cafc82ac72d8fb,tennis-TEN-T0-2026-06-08-db,dk-wta-wta-hertogenbosch-daria-kasatkina-vs-robin-montgomery-2026-06-08,dk,ml,match_winner,Daria Kasatkina,69.0,,2026-06-08T08:05:21.331Z
quarantine,ten_t0_market_only_row_captured_as_prediction,pred-7979f2575c8408c29203dacba9bf2222,tennis-TEN-T0-2026-06-08-db,dk-wta-wta-hertogenbosch-daria-snigur-vs-paula-badosa-2026-06-08,dk,ml,match_winner,Daria Snigur,52.0,,2026-06-08T08:05:21.331Z
quarantine,ten_t0_market_only_row_captured_as_prediction,pred-1c77ea3f15a1e67a988d61d70eb3519a,tennis-TEN-T0-2026-06-08-db,dk-wta-wta-hertogenbosch-ekaterina-alexandrova-vs-panna-udvardy-2026-06-08,dk,ml,match_winner,Ekaterina Alexandrova,82.0,,2026-06-08T08:05:21.331Z
quarantine,ten_t0_market_only_row_captured_as_prediction,pred-80f3798db166453ba046f1a0b4d7e5a6,tennis-TEN-T0-2026-06-08-db,dk-wta-wta-hertogenbosch-magda-linette-vs-kimberly-birrell-2026-06-08,dk,ml,match_winner,Magda Linette,58.0,,2026-06-08T08:05:21.331Z
quarantine,ten_t0_market_only_row_captured_as_prediction,pred-7ac70977ffb1965f401124be46ddce2c,tennis-TEN-T0-2026-06-08-db,dk-wta-wta-hertogenbosch-mia-pohankova-vs-clara-tauson-2026-06-08,dk,ml,match_winner,Clara Tauson,70.0,,2026-06-08T08:05:21.331Z
quarantine,ten_t0_market_only_row_captured_as_prediction,pred-fb27b4959a76858db016aae4bdd4c3d2,tennis-TEN-T0-2026-06-08-db,dk-wta-wta-ilkley-alicia-dudeney-vs-himeno-sakatsume-2026-06-08,dk,ml,match_winner,Himeno Sakatsume,56.0,,2026-06-08T08:05:21.331Z
quarantine,ten_t0_market_only_row_captured_as_prediction,pred-4d5e83d399b0ee3243e954bf78cd274f,tennis-TEN-T0-2026-06-08-db,dk-wta-wta-ilkley-darja-vidmanova-vs-linda-fruhvirtova-2026-06-08,dk,ml,match_winner,Linda Fruhvirtova,55.0,,2026-06-08T08:05:21.331Z
quarantine,ten_t0_market_only_row_captured_as_prediction,pred-c53e0086d4c6f777ae0e8e9239d95352,tennis-TEN-T0-2026-06-08-db,dk-wta-wta-ilkley-linda-klimovicova-vs-sinja-kraus-2026-06-08,dk,ml,match_winner,Sinja Kraus,67.0,,2026-06-08T08:05:21.331Z
quarantine,ten_t0_market_only_row_captured_as_prediction,pred-0b53f1390bd456e751c3d7e1888e3596,tennis-TEN-T0-2026-06-08-db,dk-wta-wta-ilkley-mananchaya-sawangkaew-vs-akasha-urhobo-2026-06-08,dk,ml,match_winner,Mananchaya Sawangkaew,69.0,,2026-06-08T08:05:21.331Z
quarantine,ten_t0_market_only_row_captured_as_prediction,pred-2d28807bb5282f7825bb7f7d225e3b40,tennis-TEN-T0-2026-06-08-db,dk-wta-wta-ilkley-veronika-podrez-vs-tatiana-prozorova-2026-06-08,dk,ml,match_winner,Tatiana Prozorova,56.0,,2026-06-08T08:05:21.331Z
quarantine,ten_t0_market_only_row_captured_as_prediction,pred-08fe3902d751b49be09ac73f3415f03b,tennis-TEN-T0-2026-06-08-db,dk-wta-wta-ilkley-viktorija-golubic-vs-daniella-britton-2026-06-08,dk,ml,match_winner,Viktorija Golubic,94.0,,2026-06-08T08:05:21.331Z
quarantine,ten_t0_market_only_row_captured_as_prediction,pred-f4074d7b03f097c351fbc66943d79e98,tennis-TEN-T0-2026-06-08-db,dk-wta-wta-london-harriet-dart-vs-liudmila-samsonova-2026-06-08,dk,ml,match_winner,Liudmila Samsonova,73.0,,2026-06-08T08:05:21.331Z
quarantine,ten_t0_market_only_row_captured_as_prediction,pred-8280c84c6d98f7c670a95fe7740dd4d3,tennis-TEN-T0-2026-06-08-db,dk-wta-wta-london-karolina-pliskova-vs-mccartney-kessler-2026-06-08,dk,ml,match_winner,Karolina Pliskova,59.0,,2026-06-08T08:05:21.331Z
quarantine,ten_t0_market_only_row_captured_as_prediction,pred-5774ecfc019c1f8e046d45fb5f3ab563,tennis-TEN-T0-2026-06-08-db,dk-wta-wta-london-katie-boulter-vs-leylah-fernandez-2026-06-08,dk,ml,match_winner,Katie Boulter,52.0,,2026-06-08T08:05:21.331Z
quarantine,ten_t0_market_only_row_captured_as_prediction,pred-3cd7cec42aff725afbf1d1a2fbb7fbb3,tennis-TEN-T0-2026-06-08-db,dk-wta-wta-london-laura-siegemund-vs-francesca-jones-2026-06-08,dk,ml,match_winner,Laura Siegemund,69.0,,2026-06-08T08:05:21.331Z
quarantine,ten_t0_market_only_row_captured_as_prediction,pred-8514b6fbf71547d01dab80e018d2547a,tennis-TEN-T0-2026-06-08-db,dk-wta-wta-london-qinwen-zheng-vs-jaqueline-cristian-2026-06-08,dk,ml,match_winner,Qinwen Zheng,73.0,,2026-06-08T08:05:21.331Z
quarantine,ten_t0_market_only_row_captured_as_prediction,pred-fa6ea5ad4c5708359ccf97818cdfcac0,tennis-TEN-T0-2026-06-08-db,dk-wta-wta-modena-jeline-vandromme-vs-angela-fita-boluda-2026-06-08,dk,ml,match_winner,Jeline Vandromme,71.0,,2026-06-08T08:05:21.331Z
quarantine,ten_t0_market_only_row_captured_as_prediction,pred-ef64d1b26ce95b9238ff3e9e7f8efa7a,tennis-TEN-T0-2026-06-08-db,dk-wta-wta-modena-kaitlin-quevedo-vs-jazmin-ortenzi-2026-06-08,dk,ml,match_winner,Kaitlin Quevedo,68.0,,2026-06-08T08:05:21.331Z
quarantine,ten_t0_market_only_row_captured_as_prediction,pred-b09bff64354ab133f685e24094792b1d,tennis-TEN-T0-2026-06-08-db,dk-wta-wta-modena-katarzyna-kawa-vs-lisa-pigato-2026-06-08,dk,ml,match_winner,Katarzyna Kawa,88.0,,2026-06-08T08:05:21.331Z
quarantine,ten_t0_market_only_row_captured_as_prediction,pred-8ce3e8fd912d3e829d9f73e6f3bd8342,tennis-TEN-T0-2026-06-08-db,dk-wta-wta-modena-martina-trevisan-vs-jennifer-ruggeri-2026-06-08,dk,ml,match_winner,Jennifer Ruggeri,75.0,,2026-06-08T08:05:21.331Z
quarantine,ten_t0_market_only_row_captured_as_prediction,pred-bbf1852093dc4c4bd9d4cd9cf5f7df08,tennis-TEN-T0-2026-06-08-db,dk-wta-wta-modena-noma-noha-akugue-vs-tiantsoa-sarah-rakotomanga-rajaonah-2026-06-08,dk,ml,match_winner,Noma Noha Akugue,62.0,,2026-06-08T08:05:21.331Z
quarantine,ten_t0_market_only_row_captured_as_prediction,pred-01b21ce063bb3f359c4555cebbdd9787,tennis-TEN-T0-2026-06-08-db,dk-wta-wta-modena-xiyu-wang-vs-laura-samson-2026-06-08,dk,ml,match_winner,Xiyu Wang,65.0,,2026-06-08T08:05:21.331Z
quarantine,ten_t0_market_only_row_captured_as_prediction,pred-a38ce18826933831f3ad4011c6ae2e9a,tennis-TEN-T0-2026-06-08-db,dk-wta-wta-quals-ilkley-celine-naef-vs-momoko-kobori-2026-06-08,dk,ml,match_winner,Celine Naef,87.0,,2026-06-08T08:05:21.331Z
quarantine,ten_t0_market_only_row_captured_as_prediction,pred-d435a5dd892ae9898022323e2b9c4563,tennis-TEN-T0-2026-06-08-db,dk-wta-wta-quals-ilkley-ella-mcdonald-vs-ranah-akua-stoiber-2026-06-08,dk,ml,match_winner,Ella McDonald,65.0,,2026-06-08T08:05:21.331Z
quarantine,ten_t0_market_only_row_captured_as_prediction,pred-e8b6ee6d2a0d83d0d2a4499e112112dc,tennis-TEN-T0-2026-06-08-db,dk-wta-wta-quals-ilkley-harmony-tan-vs-emily-appleton-2026-06-08,dk,ml,match_winner,Harmony Tan,71.0,,2026-06-08T08:05:21.331Z
quarantine,ten_t0_market_only_row_captured_as_prediction,pred-d0eeecb7453e880af30d197566c1b18d,tennis-TEN-T0-2026-06-08-db,dk-wta-wta-quals-ilkley-iryna-shymanovich-vs-clervie-ngounoue-2026-06-08,dk,ml,match_winner,Clervie Ngounoue,60.0,,2026-06-08T08:05:21.331Z
quarantine,ten_t0_market_only_row_captured_as_prediction,pred-d333946e9673730838e244d9217c988c,tennis-TEN-T0-2026-06-08-db,dk-wta-wta-quals-ilkley-kayla-cross-vs-tereza-martincova-2026-06-08,dk,ml,match_winner,Tereza Martincova,71.0,,2026-06-08T08:05:21.331Z
quarantine,ten_t0_market_only_row_captured_as_prediction,pred-c47b59f01821a9211fc3bab3b18c6ed4,tennis-TEN-T0-2026-06-08-db,rh-atp-challenger-cattolica-qualification-nesterov-vs-ferrari-2026-06-08,rh,ml,match_winner,Pyotr Nesterov,53.0,,2026-06-08T08:05:21.331Z
quarantine,ten_t0_market_only_row_captured_as_prediction,pred-c10244adcab91a0a64baa40dba2af7c2,tennis-TEN-T0-2026-06-08-db,rh-atp-challenger-san-miguel-de-tucuman-qualification-del-pino-vs-huertas-del-pino-cordova-2026-06-08,rh,ml,match_winner,Arklon Huertas Del Pino Cordova,93.0,,2026-06-08T08:05:21.331Z
quarantine,ten_t0_market_only_row_captured_as_prediction,pred-24416083ae8709c03b045ceedcdad401,tennis-TEN-T0-2026-06-08-db,rh-wta-125k-ilkley-day-vs-stoiana-2026-06-08,rh,ml,match_winner,Kayla Day,56.0,,2026-06-08T08:05:21.331Z
quarantine,ten_t0_market_only_row_captured_as_prediction,pred-a35221c560c0d64a0ec232eb0d2b8261,tennis-TEN-T0-2026-06-08-db,rh-wta-125k-ilkley-kalieva-vs-krueger-2026-06-08,rh,ml,match_winner,Ashlyn Krueger,78.0,,2026-06-08T08:05:21.331Z
quarantine,ten_t0_market_only_row_captured_as_prediction,pred-63e06387441ae0057459bbb75bcf5686,tennis-TEN-T0-2026-06-08-db,rh-wta-125k-ilkley-xu-vs-mandlik-2026-06-08,rh,ml,match_winner,Elizabeth Mandlik,53.0,,2026-06-08T08:05:21.331Z
